index,image,groundTruth,improved_mobilenet_aux,improved_mobilenet_aux_abs_error,legacy_original_cnn,legacy_original_cnn_abs_error
0,E:\桌面\data1\0_0.0000.jpg,0.0,-0.025965288281440735,0.025965288281440735,0.7124346494674683,0.7124346494674683
1,E:\桌面\data1\1_0.0000.jpg,0.0,0.17735019326210022,0.17735019326210022,-0.05353006720542908,0.05353006720542908
2,E:\桌面\data1\2_0.0000.jpg,0.0,0.03821766376495361,0.03821766376495361,0.03603902459144592,0.03603902459144592
3,E:\桌面\data1\3_0.0000.jpg,0.0,0.23274371027946472,0.23274371027946472,-0.002312183380126953,0.002312183380126953
4,E:\桌面\data1\4_0.0000.jpg,0.0,1.0306711196899414,1.0306711196899414,-0.007983535528182983,0.007983535528182983
5,E:\桌面\data1\5_0.0000.jpg,0.0,-0.24538737535476685,0.24538737535476685,0.018858879804611206,0.018858879804611206
6,E:\桌面\data1\6_0.0000.jpg,0.0,0.17712830007076263,0.17712830007076263,-0.11265560984611511,0.11265560984611511
7,E:\桌面\data1\7_0.0000.jpg,0.0,0.10693228244781494,0.10693228244781494,0.12332624197006226,0.12332624197006226
8,E:\桌面\data1\8_0.0000.jpg,0.0,0.16037550568580627,0.16037550568580627,-0.10035958886146545,0.10035958886146545
9,E:\桌面\data1\9_0.0000.jpg,0.0,0.03497989475727081,0.03497989475727081,0.024731293320655823,0.024731293320655823
10,E:\桌面\data1\10_0.0000.jpg,0.0,-0.2462736964225769,0.2462736964225769,-0.15216907858848572,0.15216907858848572
11,E:\桌面\data1\11_0.0000.jpg,0.0,0.10926227271556854,0.10926227271556854,0.09648308157920837,0.09648308157920837
12,E:\桌面\data1\12_0.0000.jpg,0.0,-0.01662084460258484,0.01662084460258484,0.14469462633132935,0.14469462633132935
13,E:\桌面\data1\13_0.0000.jpg,0.0,0.03594460338354111,0.03594460338354111,0.13457641005516052,0.13457641005516052
14,E:\桌面\data1\14_0.0000.jpg,0.0,-0.034801870584487915,0.034801870584487915,0.3241558372974396,0.3241558372974396
15,E:\桌面\data1\15_0.0000.jpg,0.0,-0.9561974406242371,0.9561974406242371,-0.2460896074771881,0.2460896074771881
16,E:\桌面\data1\16_0.0000.jpg,0.0,-0.016243547201156616,0.016243547201156616,0.11944347620010376,0.11944347620010376
17,E:\桌面\data1\17_0.0000.jpg,0.0,0.054421231150627136,0.054421231150627136,0.32463547587394714,0.32463547587394714
18,E:\桌面\data1\18_0.0000.jpg,0.0,0.14275938272476196,0.14275938272476196,0.32734984159469604,0.32734984159469604
19,E:\桌面\data1\19_0.0000.jpg,0.0,0.26200374960899353,0.26200374960899353,0.3926439583301544,0.3926439583301544
20,E:\桌面\data1\20_0.0000.jpg,0.0,0.1616130769252777,0.1616130769252777,0.7812793254852295,0.7812793254852295
21,E:\桌面\data1\21_0.0000.jpg,0.0,-0.022141441702842712,0.022141441702842712,0.02075713872909546,0.02075713872909546
22,E:\桌面\data1\22_0.0000.jpg,0.0,0.5773330330848694,0.5773330330848694,-0.07378822565078735,0.07378822565078735
23,E:\桌面\data1\23_0.0000.jpg,0.0,0.1513751745223999,0.1513751745223999,-0.04072326421737671,0.04072326421737671
24,E:\桌面\data1\24_0.0000.jpg,0.0,-0.07965654134750366,0.07965654134750366,0.3820666968822479,0.3820666968822479
25,E:\桌面\data1\25_0.0000.jpg,0.0,0.9246602654457092,0.9246602654457092,0.5705630779266357,0.5705630779266357
26,E:\桌面\data1\26_0.0000.jpg,0.0,-0.355196475982666,0.355196475982666,0.7552591562271118,0.7552591562271118
27,E:\桌面\data1\27_0.0000.jpg,0.0,-0.023916244506835938,0.023916244506835938,0.02874375879764557,0.02874375879764557
28,E:\桌面\data1\28_0.0000.jpg,0.0,0.1209191232919693,0.1209191232919693,1.1756675243377686,1.1756675243377686
29,E:\桌面\data1\29_1.5110.jpg,1.511,1.57053804397583,0.05953804397583018,1.192708969116211,0.31829103088378896
30,E:\桌面\data1\30_1.5110.jpg,1.511,1.3015358448028564,0.20946415519714345,1.4327752590179443,0.07822474098205556
31,E:\桌面\data1\31_1.5110.jpg,1.511,0.07998278737068176,1.4310172126293181,1.4094496965408325,0.10155030345916738
32,E:\桌面\data1\32_1.5110.jpg,1.511,1.523055076599121,0.012055076599121195,1.5424883365631104,0.03148833656311045
33,E:\桌面\data1\33_1.5110.jpg,1.511,1.5892102718353271,0.07821027183532725,1.4686603546142578,0.042339645385742086
34,E:\桌面\data1\34_1.5110.jpg,1.511,0.7366339564323425,0.7743660435676574,1.369600772857666,0.14139922714233388
35,E:\桌面\data1\35_1.5110.jpg,1.511,1.4688210487365723,0.04217895126342763,-0.2037639319896698,1.7147639319896697
36,E:\桌面\data1\36_1.5110.jpg,1.511,1.5150177478790283,0.0040177478790284216,1.5068281888961792,0.0041718111038206995
37,E:\桌面\data1\37_1.5110.jpg,1.511,1.5449936389923096,0.03399363899230967,1.5273864269256592,0.01638642692565928
38,E:\桌面\data1\38_0.0000.jpg,0.0,0.04648410528898239,0.04648410528898239,0.3488002419471741,0.3488002419471741
39,E:\桌面\data1\39_1.5110.jpg,1.511,1.1113431453704834,0.3996568546295165,1.2600681781768799,0.25093182182312
40,E:\桌面\data1\40_1.5110.jpg,1.511,1.543332576751709,0.032332576751709086,1.538759708404541,0.027759708404541117
41,E:\桌面\data1\41_1.5110.jpg,1.511,1.5889225006103516,0.07792250061035166,1.56400728225708,0.05300728225708018
42,E:\桌面\data1\42_1.5110.jpg,1.511,1.6340181827545166,0.1230181827545167,1.2643312215805054,0.24666877841949453
43,E:\桌面\data1\43_1.5110.jpg,1.511,1.609046459197998,0.09804645919799815,1.0599700212478638,0.45102997875213613
44,E:\桌面\data1\44_1.5110.jpg,1.511,1.5155105590820312,0.004510559082031351,1.5577620267868042,0.0467620267868043
45,E:\桌面\data1\45_1.5110.jpg,1.511,1.4833149909973145,0.027685009002685446,1.343519926071167,0.1674800739288329
46,E:\桌面\data1\46_1.5110.jpg,1.511,1.596156358718872,0.08515635871887217,1.5521804094314575,0.04118040943145762
47,E:\桌面\data1\47_1.5110.jpg,1.511,1.5628373622894287,0.05183736228942881,1.4294534921646118,0.08154650783538808
48,E:\桌面\data1\48_1.5110.jpg,1.511,1.5230457782745361,0.012045778274536234,1.5328959226608276,0.021895922660827738
49,E:\桌面\data1\49_0.0000.jpg,0.0,0.043681174516677856,0.043681174516677856,0.017629414796829224,0.017629414796829224
50,E:\桌面\data1\50_1.5110.jpg,1.511,1.4493131637573242,0.06168683624267568,0.5032777786254883,1.0077222213745116
51,E:\桌面\data1\51_1.5110.jpg,1.511,1.413619041442871,0.0973809585571288,1.5622414350509644,0.05124143505096446
52,E:\桌面\data1\52_1.5110.jpg,1.511,1.4632818698883057,0.047718130111694235,1.544334053993225,0.0333340539932252
53,E:\桌面\data1\53_1.5110.jpg,1.511,1.477095127105713,0.03390487289428701,1.6016943454742432,0.09069434547424327
54,E:\桌面\data1\54_1.5110.jpg,1.511,1.2929108142852783,0.21808918571472158,1.3864978551864624,0.1245021448135375
55,E:\桌面\data1\55_1.5110.jpg,1.511,1.5019464492797852,0.009053550720214742,1.5905996561050415,0.0795996561050416
56,E:\桌面\data1\56_1.5110.jpg,1.511,1.5338270664215088,0.02282706642150889,1.6257771253585815,0.11477712535858164
57,E:\桌面\data1\57_1.5110.jpg,1.511,1.5366179943084717,0.02561799430847178,1.5861260890960693,0.07512608909606944
58,E:\桌面\data1\58_1.5110.jpg,1.511,1.5551612377166748,0.044161237716674906,1.516593337059021,0.005593337059021097
59,E:\桌面\data1\59_1.5110.jpg,1.511,1.4771673679351807,0.033832632064819235,1.395039439201355,0.11596056079864492
60,E:\桌面\data1\60_0.0000.jpg,0.0,0.08798173815011978,0.08798173815011978,0.4421050250530243,0.4421050250530243
61,E:\桌面\data1\61_1.5110.jpg,1.511,1.4812500476837158,0.02974995231628408,1.6325558423995972,0.12155584239959727
62,E:\桌面\data1\62_1.5110.jpg,1.511,1.5253632068634033,0.014363206863403422,1.460072636604309,0.05092736339569082
63,E:\桌面\data1\63_1.5110.jpg,1.511,1.5035083293914795,0.0074916706085204066,1.6357266902923584,0.1247266902923585
64,E:\桌面\data1\64_1.5110.jpg,1.511,1.4303698539733887,0.08063014602661123,1.4706822633743286,0.040317736625671285
65,E:\桌面\data1\65_1.5110.jpg,1.511,1.363053798675537,0.1479462013244628,1.4819974899291992,0.02900251007080068
66,E:\桌面\data1\66_1.5110.jpg,1.511,1.4527392387390137,0.05826076126098623,1.5484039783477783,0.03740397834777842
67,E:\桌面\data1\67_1.5110.jpg,1.511,1.500511646270752,0.010488353729247946,1.458536982536316,0.05246301746368398
68,E:\桌面\data1\68_1.5110.jpg,1.511,1.563084363937378,0.05208436393737803,1.521690845489502,0.010690845489502054
69,E:\桌面\data1\69_1.5110.jpg,1.511,1.602936029434204,0.0919360294342042,1.6581469774246216,0.14714697742462168
70,E:\桌面\data1\70_1.5110.jpg,1.511,0.805496871471405,0.7055031285285949,1.5337063074111938,0.02270630741119395
71,E:\桌面\data1\71_0.0000.jpg,0.0,0.03965000808238983,0.03965000808238983,-0.028202474117279053,0.028202474117279053
72,E:\桌面\data1\72_1.5110.jpg,1.511,1.389824628829956,0.12117537117004384,1.5439523458480835,0.0329523458480836
73,E:\桌面\data1\73_1.5110.jpg,1.511,1.4286346435546875,0.0823653564453124,1.0391649007797241,0.4718350992202758
74,E:\桌面\data1\74_1.5110.jpg,1.511,0.9067034125328064,0.6042965874671935,0.40175679326057434,1.1092432067394256
75,E:\桌面\data1\75_1.5110.jpg,1.511,1.4297752380371094,0.08122476196289052,1.6229740381240845,0.11197403812408457
76,E:\桌面\data1\76_1.5110.jpg,1.511,1.0878770351409912,0.4231229648590087,1.518157720565796,0.007157720565796
77,E:\桌面\data1\77_1.5110.jpg,1.511,1.435786485671997,0.07521351432800283,1.3925358057022095,0.11846419429779043
78,E:\桌面\data1\78_1.5110.jpg,1.511,1.0814034938812256,0.4295965061187743,1.476334810256958,0.03466518974304189
79,E:\桌面\data1\79_1.5110.jpg,1.511,1.522233486175537,0.01123348617553721,1.5330675840377808,0.022067584037780863
80,E:\桌面\data1\80_1.5110.jpg,1.511,1.522371530532837,0.011371530532837015,1.5923062562942505,0.08130625629425059
81,E:\桌面\data1\81_1.5110.jpg,1.511,1.4853239059448242,0.02567609405517568,1.4657963514328003,0.045203648567199606
82,E:\桌面\data1\82_0.0000.jpg,0.0,0.029561787843704224,0.029561787843704224,0.023519009351730347,0.023519009351730347
83,E:\桌面\data1\83_1.5110.jpg,1.511,1.5892679691314697,0.07826796913146983,1.4657117128372192,0.04528828716278066
84,E:\桌面\data1\84_1.5110.jpg,1.511,1.6136951446533203,0.10269514465332041,1.5087676048278809,0.0022323951721190394
85,E:\桌面\data1\85_1.5110.jpg,1.511,1.6103003025054932,0.09930030250549327,1.5045835971832275,0.00641640281677236
86,E:\桌面\data1\86_1.5110.jpg,1.511,1.2346267700195312,0.27637322998046865,1.3824257850646973,0.12857421493530263
87,E:\桌面\data1\87_1.5110.jpg,1.511,0.971932590007782,0.5390674099922179,1.561273455619812,0.05027345561981211
88,E:\桌面\data1\88_1.5110.jpg,1.511,0.7158359885215759,0.795164011478424,1.4709972143173218,0.04000278568267812
89,E:\桌面\data1\89_1.5110.jpg,1.511,0.9509338736534119,0.560066126346588,1.5214014053344727,0.010401405334472758
90,E:\桌面\data1\90_1.5110.jpg,1.511,1.1228365898132324,0.3881634101867675,1.4496625661849976,0.06133743381500234
91,E:\桌面\data1\91_0.0000.jpg,0.0,1.268174171447754,1.268174171447754,0.34854593873023987,0.34854593873023987
92,E:\桌面\data1\92_0.0000.jpg,0.0,0.17816147208213806,0.17816147208213806,0.008141756057739258,0.008141756057739258
93,E:\桌面\data1\93_0.0000.jpg,0.0,0.21546879410743713,0.21546879410743713,-0.0049925148487091064,0.0049925148487091064
94,E:\桌面\data1\94_0.0000.jpg,0.0,0.029411867260932922,0.029411867260932922,0.028546154499053955,0.028546154499053955
95,E:\桌面\data1\95_0.0000.jpg,0.0,0.15962886810302734,0.15962886810302734,0.03999811410903931,0.03999811410903931
96,E:\桌面\data1\96_0.0000.jpg,0.0,-0.009073033928871155,0.009073033928871155,0.14260485768318176,0.14260485768318176
97,E:\桌面\data1\97_0.0000.jpg,0.0,-0.009395390748977661,0.009395390748977661,0.24607691168785095,0.24607691168785095
98,E:\桌面\data1\98_0.0000.jpg,0.0,0.4125187397003174,0.4125187397003174,0.15435779094696045,0.15435779094696045
99,E:\桌面\data1\99_0.0000.jpg,0.0,0.9653587341308594,0.9653587341308594,-0.16211935877799988,0.16211935877799988
100,E:\桌面\data1\100_0.0000.jpg,0.0,0.1369718611240387,0.1369718611240387,0.12144672870635986,0.12144672870635986
101,E:\桌面\data1\101_0.0000.jpg,0.0,-0.14500635862350464,0.14500635862350464,0.05189305543899536,0.05189305543899536
102,E:\桌面\data1\102_0.0000.jpg,0.0,-0.019718661904335022,0.019718661904335022,-0.0647793710231781,0.0647793710231781
103,E:\桌面\data1\103_0.0000.jpg,0.0,0.04968181997537613,0.04968181997537613,0.0009804964065551758,0.0009804964065551758
104,E:\桌面\data1\104_0.0000.jpg,0.0,-0.14614331722259521,0.14614331722259521,-0.05354076623916626,0.05354076623916626
105,E:\桌面\data1\105_0.0000.jpg,0.0,-0.410927414894104,0.410927414894104,-0.002399653196334839,0.002399653196334839
106,E:\桌面\data1\106_0.0000.jpg,0.0,0.15955789387226105,0.15955789387226105,-0.002635955810546875,0.002635955810546875
107,E:\桌面\data1\107_0.0000.jpg,0.0,0.13879871368408203,0.13879871368408203,-0.10063394904136658,0.10063394904136658
108,E:\桌面\data1\108_0.0000.jpg,0.0,-0.07056805491447449,0.07056805491447449,-0.02204868197441101,0.02204868197441101
109,E:\桌面\data1\109_0.0000.jpg,0.0,-0.2403583526611328,0.2403583526611328,-0.16656655073165894,0.16656655073165894
110,E:\桌面\data1\110_0.0000.jpg,0.0,-0.6487500667572021,0.6487500667572021,-0.05549535155296326,0.05549535155296326
111,E:\桌面\data1\111_0.0000.jpg,0.0,-0.03323057293891907,0.03323057293891907,-0.06512439250946045,0.06512439250946045
112,E:\桌面\data1\112_0.0000.jpg,0.0,-0.08782052993774414,0.08782052993774414,0.10803794860839844,0.10803794860839844
113,E:\桌面\data1\113_0.0000.jpg,0.0,0.07044713944196701,0.07044713944196701,-0.023035705089569092,0.023035705089569092
114,E:\桌面\data1\114_0.0000.jpg,0.0,-0.26884719729423523,0.26884719729423523,0.06763908267021179,0.06763908267021179
115,E:\桌面\data1\115_0.0000.jpg,0.0,0.08431502431631088,0.08431502431631088,0.03535625338554382,0.03535625338554382
116,E:\桌面\data1\116_0.0000.jpg,0.0,0.09373527765274048,0.09373527765274048,0.02007240056991577,0.02007240056991577
117,E:\桌面\data1\117_0.0000.jpg,0.0,0.06598503887653351,0.06598503887653351,-0.05188637971878052,0.05188637971878052
118,E:\桌面\data1\118_0.0000.jpg,0.0,0.011093169450759888,0.011093169450759888,0.13700634241104126,0.13700634241104126
119,E:\桌面\data1\119_0.0000.jpg,0.0,0.07850542664527893,0.07850542664527893,0.004170536994934082,0.004170536994934082
120,E:\桌面\data1\120_0.0000.jpg,0.0,-0.11274796724319458,0.11274796724319458,0.05785587430000305,0.05785587430000305
121,E:\桌面\data1\121_0.0000.jpg,0.0,0.07700982689857483,0.07700982689857483,0.09347453713417053,0.09347453713417053
122,E:\桌面\data1\122_0.0000.jpg,0.0,-0.2200322151184082,0.2200322151184082,0.21999497711658478,0.21999497711658478
123,E:\桌面\data1\123_0.0000.jpg,0.0,0.6798398494720459,0.6798398494720459,0.44547760486602783,0.44547760486602783
124,E:\桌面\data1\124_0.0000.jpg,0.0,-0.19596481323242188,0.19596481323242188,0.47600674629211426,0.47600674629211426
125,E:\桌面\data1\125_0.0000.jpg,0.0,-0.10610827803611755,0.10610827803611755,0.7042645215988159,0.7042645215988159
126,E:\桌面\data1\126_0.0000.jpg,0.0,-0.016828328371047974,0.016828328371047974,-0.2646538317203522,0.2646538317203522
127,E:\桌面\data1\127_0.0000.jpg,0.0,-0.20493441820144653,0.20493441820144653,-0.22106078267097473,0.22106078267097473
128,E:\桌面\data1\128_0.0000.jpg,0.0,0.9995502233505249,0.9995502233505249,-0.4486313760280609,0.4486313760280609
129,E:\桌面\data1\129_0.0000.jpg,0.0,0.6511486172676086,0.6511486172676086,-0.04535481333732605,0.04535481333732605
130,E:\桌面\data1\130_0.0000.jpg,0.0,0.41804221272468567,0.41804221272468567,0.1646464467048645,0.1646464467048645
131,E:\桌面\data1\131_0.0000.jpg,0.0,0.43651801347732544,0.43651801347732544,-0.014322012662887573,0.014322012662887573
132,E:\桌面\data1\132_0.0000.jpg,0.0,-0.18999692797660828,0.18999692797660828,1.093042016029358,1.093042016029358
133,E:\桌面\data1\133_1.5110.jpg,1.511,1.4156391620635986,0.09536083793640127,1.2593345642089844,0.2516654357910155
134,E:\桌面\data1\134_1.5110.jpg,1.511,1.236982822418213,0.274017177581787,1.1929879188537598,0.31801208114624013
135,E:\桌面\data1\135_1.5110.jpg,1.511,-0.19441810250282288,1.7054181025028228,1.3872689008712769,0.12373109912872304
136,E:\桌面\data1\136_1.5110.jpg,1.511,1.5998516082763672,0.08885160827636729,1.1393851041793823,0.3716148958206176
137,E:\桌面\data1\137_1.5110.jpg,1.511,0.6834288239479065,0.8275711760520934,1.4889206886291504,0.022079311370849508
138,E:\桌面\data1\138_1.5110.jpg,1.511,1.055945873260498,0.45505412673950185,1.4732168912887573,0.037783108711242575
139,E:\桌面\data1\139_1.5110.jpg,1.511,1.6406822204589844,0.12968222045898448,1.408438801765442,0.102561198234558
140,E:\桌面\data1\140_1.5110.jpg,1.511,1.5565242767333984,0.04552427673339854,1.4921032190322876,0.0188967809677123
141,E:\桌面\data1\141_1.5110.jpg,1.511,1.5071563720703125,0.0038436279296873987,1.4827196598052979,0.028280340194702047
142,E:\桌面\data1\142_1.5110.jpg,1.511,1.479970932006836,0.03102906799316396,1.4167462587356567,0.09425374126434316
143,E:\桌面\data1\143_0.0000.jpg,0.0,-0.470309317111969,0.470309317111969,-0.003980487585067749,0.003980487585067749
144,E:\桌面\data1\144_1.5110.jpg,1.511,1.6052069664001465,0.09420696640014659,1.2707231044769287,0.2402768955230712
145,E:\桌面\data1\145_1.5110.jpg,1.511,1.5655078887939453,0.054507888793945414,1.535849928855896,0.024849928855896097
146,E:\桌面\data1\146_1.5110.jpg,1.511,1.5816521644592285,0.07065216445922862,1.5287261009216309,0.01772610092163096
147,E:\桌面\data1\147_1.5110.jpg,1.511,1.2209908962249756,0.2900091037750243,1.4791241884231567,0.03187581157684316
148,E:\桌面\data1\148_1.5110.jpg,1.511,1.4525341987609863,0.05846580123901357,1.4848072528839111,0.026192747116088766
149,E:\桌面\data1\149_1.5110.jpg,1.511,0.010256171226501465,1.5007438287734984,-0.7797983884811401,2.2907983884811403
150,E:\桌面\data1\150_1.5110.jpg,1.511,1.5397586822509766,0.028758682250976664,1.2973376512527466,0.21366234874725332
151,E:\桌面\data1\151_1.5110.jpg,1.511,1.4648637771606445,0.04613622283935537,1.496961236000061,0.014038763999938864
152,E:\桌面\data1\152_1.5110.jpg,1.511,1.544081687927246,0.033081687927246195,1.3147779703140259,0.19622202968597402
153,E:\桌面\data1\153_1.5110.jpg,1.511,1.4584040641784668,0.0525959358215331,1.524511456489563,0.01351145648956309
154,E:\桌面\data1\154_0.0000.jpg,0.0,-0.21021485328674316,0.21021485328674316,0.060733675956726074,0.060733675956726074
155,E:\桌面\data1\155_1.5110.jpg,1.511,1.5492181777954102,0.03821817779541026,1.5299352407455444,0.018935240745544535
156,E:\桌面\data1\156_1.5110.jpg,1.511,1.5334410667419434,0.02244106674194346,1.5383806228637695,0.027380622863769633
157,E:\桌面\data1\157_1.5110.jpg,1.511,1.5088398456573486,0.002160154342651266,1.1965477466583252,0.3144522533416747
158,E:\桌面\data1\158_1.5110.jpg,1.511,1.489638090133667,0.021361909866332907,0.5632439851760864,0.9477560148239135
159,E:\桌面\data1\159_1.5110.jpg,1.511,1.322164535522461,0.18883546447753896,1.4971349239349365,0.013865076065063375
160,E:\桌面\data1\160_1.5110.jpg,1.511,1.5349795818328857,0.023979581832885843,1.5992043018341064,0.08820430183410655
161,E:\桌面\data1\161_1.5110.jpg,1.511,1.478229284286499,0.032770715713500875,1.5814101696014404,0.07041016960144053
162,E:\桌面\data1\162_1.5110.jpg,1.511,1.5479674339294434,0.03696743392944346,1.553033709526062,0.04203370952606211
163,E:\桌面\data1\163_1.5110.jpg,1.511,1.4871978759765625,0.0238021240234374,1.4577083587646484,0.05329164123535146
164,E:\桌面\data1\164_1.5110.jpg,1.511,1.503328800201416,0.007671199798583883,1.553748369216919,0.04274836921691905
165,E:\桌面\data1\165_0.0000.jpg,0.0,-0.2312002182006836,0.2312002182006836,0.2012898027896881,0.2012898027896881
166,E:\桌面\data1\166_1.5110.jpg,1.511,1.494229793548584,0.016770206451415914,1.5454130172729492,0.03441301727294932
167,E:\桌面\data1\167_1.5110.jpg,1.511,1.013575553894043,0.49742444610595693,1.4947737455368042,0.0162262544631957
168,E:\桌面\data1\168_1.5110.jpg,1.511,1.4199090003967285,0.09109099960327138,1.5080530643463135,0.002946935653686422
169,E:\桌面\data1\169_1.5110.jpg,1.511,1.540975570678711,0.02997557067871104,1.5515763759613037,0.04057637596130381
170,E:\桌面\data1\170_1.5110.jpg,1.511,1.433988094329834,0.07701190567016591,1.2517400979995728,0.25925990200042714
171,E:\桌面\data1\171_1.5110.jpg,1.511,1.5616834163665771,0.05068341636657725,1.5095064640045166,0.0014935359954832972
172,E:\桌面\data1\172_1.5110.jpg,1.511,1.642791509628296,0.131791509628296,1.652187466621399,0.14118746662139903
173,E:\桌面\data1\173_1.5110.jpg,1.511,1.5589981079101562,0.04799810791015635,1.5344676971435547,0.02346769714355479
174,E:\桌面\data1\174_1.5110.jpg,1.511,1.5862464904785156,0.07524649047851573,1.5591734647750854,0.04817346477508555
175,E:\桌面\data1\175_1.5110.jpg,1.511,0.9351965188980103,0.5758034811019896,1.5115220546722412,0.0005220546722413122
176,E:\桌面\data1\176_0.0000.jpg,0.0,-0.11148965358734131,0.11148965358734131,-0.01803484559059143,0.01803484559059143
177,E:\桌面\data1\177_1.5110.jpg,1.511,1.5637166500091553,0.052716650009155375,1.5438352823257446,0.03283528232574473
178,E:\桌面\data1\178_1.5110.jpg,1.511,1.504209280014038,0.006790719985961813,1.556038498878479,0.045038498878479105
179,E:\桌面\data1\179_1.5110.jpg,1.511,1.5068011283874512,0.004198871612548727,1.5072108507156372,0.0037891492843626917
180,E:\桌面\data1\180_1.5110.jpg,1.511,1.533168077468872,0.02216807746887217,1.4925652742385864,0.018434725761413473
181,E:\桌面\data1\181_1.5110.jpg,1.511,0.5806137323379517,0.9303862676620482,0.6335718631744385,0.8774281368255614
182,E:\桌面\data1\182_1.5110.jpg,1.511,1.5376827716827393,0.02668277168273936,1.550278663635254,0.03927866363525401
183,E:\桌面\data1\183_1.5110.jpg,1.511,1.5969483852386475,0.08594838523864756,1.6069978475570679,0.09599784755706797
184,E:\桌面\data1\184_1.5110.jpg,1.511,1.5431180000305176,0.03211800003051768,1.3240338563919067,0.18696614360809316
185,E:\桌面\data1\185_1.5110.jpg,1.511,1.5642659664154053,0.053265966415405375,1.5634828805923462,0.05248288059234629
186,E:\桌面\data1\186_1.5110.jpg,1.511,1.627429485321045,0.11642948532104502,1.4703105688095093,0.04068943119049062
187,E:\桌面\data1\187_0.0000.jpg,0.0,0.07691369950771332,0.07691369950771332,-0.09131854772567749,0.09131854772567749
188,E:\桌面\data1\188_1.5110.jpg,1.511,1.5070884227752686,0.003911577224731344,1.4149090051651,0.0960909948348998
189,E:\桌面\data1\189_1.5110.jpg,1.511,1.5250906944274902,0.014090694427490336,1.56623113155365,0.055231131553650004
190,E:\桌面\data1\190_1.5110.jpg,1.511,1.3347878456115723,0.17621215438842763,1.4855601787567139,0.02543982124328603
191,E:\桌面\data1\191_1.5110.jpg,1.511,1.5176544189453125,0.006654418945312601,1.383280634880066,0.12771936511993398
192,E:\桌面\data1\192_1.5110.jpg,1.511,0.4867490231990814,1.0242509768009185,1.2980457544326782,0.21295424556732168
193,E:\桌面\data1\193_1.5110.jpg,1.511,0.7157118916511536,0.7952881083488463,1.5056651830673218,0.005334816932678121
194,E:\桌面\data1\194_1.5110.jpg,1.511,0.5713275671005249,0.939672432899475,1.522279143333435,0.01127914333343516
195,E:\桌面\data1\195_1.5110.jpg,1.511,0.3554005026817322,1.1555994973182677,0.4802430272102356,1.0307569727897643
196,E:\桌面\data1\196_0.0000.jpg,0.0,-0.11836990714073181,0.11836990714073181,-0.054321348667144775,0.054321348667144775
197,E:\桌面\data1\197_0.0000.jpg,0.0,-0.11323022842407227,0.11323022842407227,0.06490024924278259,0.06490024924278259
198,E:\桌面\data1\198_0.0000.jpg,0.0,0.11707238852977753,0.11707238852977753,0.05721227824687958,0.05721227824687958
199,E:\桌面\data1\199_0.0000.jpg,0.0,0.16254228353500366,0.16254228353500366,0.05415846407413483,0.05415846407413483
200,E:\桌面\data1\200_0.0000.jpg,0.0,-0.002442300319671631,0.002442300319671631,-0.08552643656730652,0.08552643656730652
201,E:\桌面\data1\201_0.0000.jpg,0.0,0.21680963039398193,0.21680963039398193,0.034992530941963196,0.034992530941963196
202,E:\桌面\data1\202_0.0000.jpg,0.0,0.06105012446641922,0.06105012446641922,0.06943964958190918,0.06943964958190918
203,E:\桌面\data1\203_0.0000.jpg,0.0,-0.001234680414199829,0.001234680414199829,0.09029057621955872,0.09029057621955872
204,E:\桌面\data1\204_0.0000.jpg,0.0,0.03224627673625946,0.03224627673625946,-0.0343795120716095,0.0343795120716095
205,E:\桌面\data1\205_0.0000.jpg,0.0,-0.07173135876655579,0.07173135876655579,0.030602365732192993,0.030602365732192993
206,E:\桌面\data1\206_0.0000.jpg,0.0,-0.13970977067947388,0.13970977067947388,0.041917383670806885,0.041917383670806885
207,E:\桌面\data1\207_0.0000.jpg,0.0,-0.31590306758880615,0.31590306758880615,-0.05022260546684265,0.05022260546684265
208,E:\桌面\data1\208_0.0000.jpg,0.0,0.06377936899662018,0.06377936899662018,-0.2611830532550812,0.2611830532550812
209,E:\桌面\data1\209_0.0000.jpg,0.0,-0.2106611728668213,0.2106611728668213,-0.5919445753097534,0.5919445753097534
210,E:\桌面\data1\210_0.0000.jpg,0.0,-0.19435518980026245,0.19435518980026245,0.060211241245269775,0.060211241245269775
211,E:\桌面\data1\211_0.0000.jpg,0.0,-0.017735019326210022,0.017735019326210022,0.01338842511177063,0.01338842511177063
212,E:\桌面\data1\212_0.0000.jpg,0.0,-0.478895366191864,0.478895366191864,-0.9655389785766602,0.9655389785766602
213,E:\桌面\data1\213_0.0000.jpg,0.0,0.11870267987251282,0.11870267987251282,-0.015943259000778198,0.015943259000778198
214,E:\桌面\data1\214_0.0000.jpg,0.0,-0.09898364543914795,0.09898364543914795,0.04648366570472717,0.04648366570472717
215,E:\桌面\data1\215_0.0000.jpg,0.0,0.024283871054649353,0.024283871054649353,-0.14145779609680176,0.14145779609680176
216,E:\桌面\data1\216_0.0000.jpg,0.0,0.10240090638399124,0.10240090638399124,-0.0370233952999115,0.0370233952999115
217,E:\桌面\data1\217_0.0000.jpg,0.0,0.09705980122089386,0.09705980122089386,0.048484236001968384,0.048484236001968384
218,E:\桌面\data1\218_0.0000.jpg,0.0,0.17513710260391235,0.17513710260391235,-0.14803752303123474,0.14803752303123474
219,E:\桌面\data1\219_0.0000.jpg,0.0,0.26831358671188354,0.26831358671188354,-0.11699479818344116,0.11699479818344116
220,E:\桌面\data1\220_0.0000.jpg,0.0,-0.24051785469055176,0.24051785469055176,-0.3261319100856781,0.3261319100856781
221,E:\桌面\data1\221_0.0000.jpg,0.0,-0.025337934494018555,0.025337934494018555,-0.09168633818626404,0.09168633818626404
222,E:\桌面\data1\222_0.0000.jpg,0.0,-0.040387511253356934,0.040387511253356934,-0.12363660335540771,0.12363660335540771
223,E:\桌面\data1\223_0.0000.jpg,0.0,-0.5270044207572937,0.5270044207572937,-0.16304504871368408,0.16304504871368408
224,E:\桌面\data1\224_0.0000.jpg,0.0,0.1363217532634735,0.1363217532634735,0.05942240357398987,0.05942240357398987
225,E:\桌面\data1\225_0.0000.jpg,0.0,-0.2653844654560089,0.2653844654560089,0.7512571811676025,0.7512571811676025
226,E:\桌面\data1\226_0.0000.jpg,0.0,-0.16802683472633362,0.16802683472633362,-0.2512475550174713,0.2512475550174713
227,E:\桌面\data1\227_0.0000.jpg,0.0,-0.24549052119255066,0.24549052119255066,0.247361421585083,0.247361421585083
228,E:\桌面\data1\228_0.0000.jpg,0.0,0.004029586911201477,0.004029586911201477,0.000504910945892334,0.000504910945892334
229,E:\桌面\data1\229_0.0000.jpg,0.0,-0.20314264297485352,0.20314264297485352,0.47033873200416565,0.47033873200416565
230,E:\桌面\data1\230_0.0000.jpg,0.0,0.19564276933670044,0.19564276933670044,-0.09954056143760681,0.09954056143760681
231,E:\桌面\data1\231_0.0000.jpg,0.0,0.4620986878871918,0.4620986878871918,0.25053492188453674,0.25053492188453674
232,E:\桌面\data1\232_0.0000.jpg,0.0,-0.30668723583221436,0.30668723583221436,0.555526614189148,0.555526614189148
233,E:\桌面\data1\233_0.0000.jpg,0.0,-0.22802671790122986,0.22802671790122986,0.1873929798603058,0.1873929798603058
234,E:\桌面\data1\234_0.0000.jpg,0.0,-0.15122544765472412,0.15122544765472412,0.4970393478870392,0.4970393478870392
235,E:\桌面\data1\235_0.0000.jpg,0.0,0.3836778402328491,0.3836778402328491,0.35439637303352356,0.35439637303352356
236,E:\桌面\data1\236_0.0000.jpg,0.0,0.08640514314174652,0.08640514314174652,-0.115520179271698,0.115520179271698
237,E:\桌面\data1\237_0.0000.jpg,0.0,0.4186735153198242,0.4186735153198242,0.2698652744293213,0.2698652744293213
238,E:\桌面\data1\238_0.0000.jpg,0.0,1.4938585758209229,1.4938585758209229,0.7908661365509033,0.7908661365509033
239,E:\桌面\data1\239_0.0000.jpg,0.0,0.06983472406864166,0.06983472406864166,0.013167619705200195,0.013167619705200195
240,E:\桌面\data1\240_1.5110.jpg,1.511,1.2014572620391846,0.30954273796081533,1.24420964717865,0.26679035282135
241,E:\桌面\data1\241_1.5110.jpg,1.511,0.35511112213134766,1.1558888778686522,1.403225064277649,0.10777493572235097
242,E:\桌面\data1\242_1.5110.jpg,1.511,1.3284683227539062,0.18253167724609365,0.8591723442077637,0.6518276557922362
243,E:\桌面\data1\243_1.5110.jpg,1.511,1.557072639465332,0.04607263946533213,1.2869389057159424,0.22406109428405752
244,E:\桌面\data1\244_1.5110.jpg,1.511,1.5760040283203125,0.0650040283203126,1.1103307008743286,0.4006692991256713
245,E:\桌面\data1\245_1.5110.jpg,1.511,1.5596535205841064,0.04865352058410655,1.4045510292053223,0.10644897079467763
246,E:\桌面\data1\246_1.5110.jpg,1.511,1.3931636810302734,0.11783631896972646,1.3628720045089722,0.14812799549102773
247,E:\桌面\data1\247_1.5110.jpg,1.511,0.38072842359542847,1.1302715764045714,1.2031207084655762,0.3078792915344237
248,E:\桌面\data1\248_1.5110.jpg,1.511,1.601421594619751,0.09042159461975108,1.460179328918457,0.05082067108154287
249,E:\桌面\data1\249_1.5110.jpg,1.511,1.5394518375396729,0.028451837539672953,1.4512879848480225,0.05971201515197744
250,E:\桌面\data1\250_0.0000.jpg,0.0,0.20206427574157715,0.20206427574157715,-0.5273276567459106,0.5273276567459106
251,E:\桌面\data1\251_1.5110.jpg,1.511,1.4481539726257324,0.06284602737426748,0.8972173929214478,0.6137826070785521
252,E:\桌面\data1\252_1.5110.jpg,1.511,1.5256361961364746,0.01463619613647471,0.687740683555603,0.8232593164443969
253,E:\桌面\data1\253_1.5110.jpg,1.511,1.583528995513916,0.07252899551391612,1.4164375066757202,0.09456249332427968
254,E:\桌面\data1\254_1.5110.jpg,1.511,1.5402336120605469,0.029233612060546976,0.6493658423423767,0.8616341576576232
255,E:\桌面\data1\255_1.5110.jpg,1.511,0.7037702202796936,0.8072297797203063,1.3233919143676758,0.18760808563232412
256,E:\桌面\data1\256_1.5110.jpg,1.511,1.5538907051086426,0.04289070510864268,1.3198567628860474,0.19114323711395254
257,E:\桌面\data1\257_1.5110.jpg,1.511,1.3695189952850342,0.14148100471496572,1.5368547439575195,0.025854743957519633
258,E:\桌面\data1\258_1.5110.jpg,1.511,1.562391996383667,0.05139199638366709,1.1057523488998413,0.4052476511001586
259,E:\桌面\data1\259_1.5110.jpg,1.511,1.5543262958526611,0.043326295852661234,0.9211850166320801,0.5898149833679198
260,E:\桌面\data1\260_1.5110.jpg,1.511,1.5734336376190186,0.062433637619018656,1.2988338470458984,0.21216615295410146
261,E:\桌面\data1\261_0.0000.jpg,0.0,-0.15553104877471924,0.15553104877471924,-0.2781834304332733,0.2781834304332733
262,E:\桌面\data1\262_1.5110.jpg,1.511,1.5799932479858398,0.06899324798583995,1.5028494596481323,0.008150540351867575
263,E:\桌面\data1\263_1.5110.jpg,1.511,1.5902493000030518,0.07924930000305186,1.5037277936935425,0.007272206306457418
264,E:\桌面\data1\264_1.5110.jpg,1.511,1.5492453575134277,0.038245357513427836,1.4572840929031372,0.05371590709686269
265,E:\桌面\data1\265_1.5110.jpg,1.511,1.5563454627990723,0.04534546279907237,1.463959813117981,0.04704018688201894
266,E:\桌面\data1\266_1.5110.jpg,1.511,1.432466983795166,0.07853301620483388,1.262582778930664,0.24841722106933584
267,E:\桌面\data1\267_1.5110.jpg,1.511,1.54642915725708,0.03542915725708018,1.425106406211853,0.08589359378814687
268,E:\桌面\data1\268_1.5110.jpg,1.511,1.5244522094726562,0.013452209472656351,1.5404480695724487,0.02944806957244883
269,E:\桌面\data1\269_1.5110.jpg,1.511,1.5953240394592285,0.08432403945922862,1.336434245109558,0.1745657548904418
270,E:\桌面\data1\270_1.5110.jpg,1.511,1.5299763679504395,0.018976367950439554,1.448581337928772,0.062418662071227926
271,E:\桌面\data1\271_1.5110.jpg,1.511,1.5260674953460693,0.015067495346069437,1.4645618200302124,0.046438179969787496
272,E:\桌面\data1\272_0.0000.jpg,0.0,0.1699305921792984,0.1699305921792984,0.18816301226615906,0.18816301226615906
273,E:\桌面\data1\273_1.5110.jpg,1.511,1.435617446899414,0.07538255310058584,1.4600956439971924,0.050904356002807516
274,E:\桌面\data1\274_1.5110.jpg,1.511,0.7251293659210205,0.7858706340789794,1.6840649843215942,0.17306498432159434
275,E:\桌面\data1\275_1.5110.jpg,1.511,1.50115966796875,0.009840332031249899,1.056795358657837,0.454204641342163
276,E:\桌面\data1\276_1.5110.jpg,1.511,1.448913335800171,0.062086664199829,1.2371760606765747,0.2738239393234252
277,E:\桌面\data1\277_1.5110.jpg,1.511,1.5621349811553955,0.05113498115539561,1.3453272581100464,0.1656727418899535
278,E:\桌面\data1\278_1.5110.jpg,1.511,1.6393663883209229,0.12836638832092295,1.4340600967407227,0.07693990325927724
279,E:\桌面\data1\279_1.5110.jpg,1.511,1.6336510181427002,0.1226510181427003,1.4877623319625854,0.02323766803741445
280,E:\桌面\data1\280_1.5110.jpg,1.511,1.2622504234313965,0.24874957656860341,1.530625820159912,0.01962582015991221
281,E:\桌面\data1\281_1.5110.jpg,1.511,1.5908703804016113,0.07987038040161143,1.517505407333374,0.006505407333374125
282,E:\桌面\data1\282_1.5110.jpg,1.511,1.5496454238891602,0.03864542388916026,1.47250235080719,0.03849764919280996
283,E:\桌面\data1\283_0.0000.jpg,0.0,-0.4187033176422119,0.4187033176422119,0.17322427034378052,0.17322427034378052
284,E:\桌面\data1\284_1.5110.jpg,1.511,1.3726246356964111,0.13837536430358877,1.4213298559188843,0.08967014408111562
285,E:\桌面\data1\285_1.5110.jpg,1.511,1.615448236465454,0.1044482364654542,1.534360408782959,0.023360408782959086
286,E:\桌面\data1\286_1.5110.jpg,1.511,1.5360219478607178,0.025021947860717875,1.4913051128387451,0.01969488716125478
287,E:\桌面\data1\287_1.5110.jpg,1.511,1.5506832599639893,0.03968325996398936,1.457922101020813,0.05307789897918691
288,E:\桌面\data1\288_1.5110.jpg,1.511,1.5764269828796387,0.06542698287963877,1.5780752897262573,0.06707528972625743
289,E:\桌面\data1\289_1.5110.jpg,1.511,1.4804210662841797,0.03057893371582021,1.4998602867126465,0.011139713287353414
290,E:\桌面\data1\290_1.5110.jpg,1.511,1.5408334732055664,0.029833473205566508,1.5386677980422974,0.027667798042297465
291,E:\桌面\data1\291_1.5110.jpg,1.511,1.2048885822296143,0.30611141777038564,1.4589186906814575,0.05208130931854238
292,E:\桌面\data1\292_1.5110.jpg,1.511,1.2513923645019531,0.2596076354980468,1.4618260860443115,0.049173913955688375
293,E:\桌面\data1\293_1.5110.jpg,1.511,1.6324474811553955,0.12144748115539561,1.4658805131912231,0.045119486808776754
294,E:\桌面\data1\294_0.0000.jpg,0.0,0.18229252099990845,0.18229252099990845,0.25021106004714966,0.25021106004714966
295,E:\桌面\data1\295_1.5110.jpg,1.511,1.0535204410552979,0.45747955894470205,1.4761015176773071,0.03489848232269277
296,E:\桌面\data1\296_1.5110.jpg,1.511,1.5437355041503906,0.032735504150390726,1.4199639558792114,0.09103604412078847
297,E:\桌面\data1\297_1.5110.jpg,1.511,1.1744775772094727,0.33652242279052724,1.4950802326202393,0.01591976737976064
298,E:\桌面\data1\298_1.5110.jpg,1.511,1.6060550212860107,0.09505502128601084,1.5466798543930054,0.03567985439300547
299,E:\桌面\data1\299_1.5110.jpg,1.511,1.6433777809143066,0.13237778091430674,1.4587178230285645,0.052282176971435446
300,E:\桌面\data1\300_1.5110.jpg,1.511,0.7108670473098755,0.8001329526901244,1.5943708419799805,0.08337084197998057
301,E:\桌面\data1\301_1.5110.jpg,1.511,0.9037885665893555,0.6072114334106444,1.3391650915145874,0.1718349084854125
302,E:\桌面\data1\302_1.5110.jpg,1.511,0.5864423513412476,0.9245576486587523,0.2104005217552185,1.3005994782447814
303,E:\桌面\data1\303_0.0000.jpg,0.0,0.18210762739181519,0.18210762739181519,0.10522598028182983,0.10522598028182983
304,E:\桌面\data1\304_0.0000.jpg,0.0,-0.1295035481452942,0.1295035481452942,0.15970371663570404,0.15970371663570404
305,E:\桌面\data1\305_0.0000.jpg,0.0,0.04582211375236511,0.04582211375236511,-0.08988013863563538,0.08988013863563538
306,E:\桌面\data1\306_0.0000.jpg,0.0,0.10241665691137314,0.10241665691137314,0.08407643437385559,0.08407643437385559
307,E:\桌面\data1\307_0.0000.jpg,0.0,0.1083751916885376,0.1083751916885376,0.19587761163711548,0.19587761163711548
308,E:\桌面\data1\308_0.0000.jpg,0.0,0.07936485856771469,0.07936485856771469,0.09043827652931213,0.09043827652931213
309,E:\桌面\data1\309_0.0000.jpg,0.0,0.6832984089851379,0.6832984089851379,-0.09556514024734497,0.09556514024734497
310,E:\桌面\data1\310_0.0000.jpg,0.0,0.04804326593875885,0.04804326593875885,0.05312080681324005,0.05312080681324005
311,E:\桌面\data1\311_0.0000.jpg,0.0,0.5890904664993286,0.5890904664993286,-0.009678453207015991,0.009678453207015991
312,E:\桌面\data1\312_0.0000.jpg,0.0,0.0036170780658721924,0.0036170780658721924,0.02144339680671692,0.02144339680671692
313,E:\桌面\data1\313_0.0000.jpg,0.0,-0.13021916151046753,0.13021916151046753,0.06421437859535217,0.06421437859535217
314,E:\桌面\data1\314_0.0000.jpg,0.0,0.10312701761722565,0.10312701761722565,0.021917372941970825,0.021917372941970825
315,E:\桌面\data1\315_0.0000.jpg,0.0,-0.15002179145812988,0.15002179145812988,0.023522287607192993,0.023522287607192993
316,E:\桌面\data1\316_0.0000.jpg,0.0,0.12411472201347351,0.12411472201347351,0.0018846690654754639,0.0018846690654754639
317,E:\桌面\data1\317_0.0000.jpg,0.0,-1.070380449295044,1.070380449295044,-0.6220399141311646,0.6220399141311646
318,E:\桌面\data1\318_-1.5000.jpg,-1.5,-1.5789260864257812,0.07892608642578125,-1.505205750465393,0.005205750465393066
319,E:\桌面\data1\319_-1.5000.jpg,-1.5,-1.3937983512878418,0.1062016487121582,-1.5216654539108276,0.021665453910827637
320,E:\桌面\data1\320_-1.5000.jpg,-1.5,-1.541398286819458,0.04139828681945801,-1.5216784477233887,0.021678447723388672
321,E:\桌面\data1\321_-1.5000.jpg,-1.5,-1.471799373626709,0.028200626373291016,-1.5278887748718262,0.027888774871826172
322,E:\桌面\data1\322_-1.5000.jpg,-1.5,-1.5245890617370605,0.024589061737060547,-1.5042078495025635,0.0042078495025634766
323,E:\桌面\data1\323_-1.5000.jpg,-1.5,-1.5345535278320312,0.03455352783203125,-1.443532943725586,0.05646705627441406
324,E:\桌面\data1\324_-1.5800.jpg,-1.58,-1.5583868026733398,0.021613197326660227,-1.5764580965042114,0.0035419034957886453
325,E:\桌面\data1\325_-1.5800.jpg,-1.58,-1.6072490215301514,0.027249021530151296,-1.5940728187561035,0.014072818756103445
326,E:\桌面\data1\326_-1.5800.jpg,-1.58,0.156382218003273,1.736382218003273,-1.4437800645828247,0.13621993541717536
327,E:\桌面\data1\327_-1.5800.jpg,-1.58,-1.5439045429229736,0.03609545707702644,-1.589349389076233,0.009349389076232839
328,E:\桌面\data1\328_0.0000.jpg,0.0,-0.44123023748397827,0.44123023748397827,0.12727448344230652,0.12727448344230652
329,E:\桌面\data1\329_-1.5800.jpg,-1.58,-1.2398290634155273,0.3401709365844727,-0.8942002058029175,0.6857997941970826
330,E:\桌面\data1\330_-1.5800.jpg,-1.58,-0.9081918597221375,0.6718081402778626,-1.4260320663452148,0.15396793365478523
331,E:\桌面\data1\331_-1.5800.jpg,-1.58,-1.5855519771575928,0.005551977157592702,-1.5643433332443237,0.01565666675567634
332,E:\桌面\data1\332_-1.5800.jpg,-1.58,-1.586503267288208,0.006503267288207937,-1.6025270223617554,0.0225270223617553
333,E:\桌面\data1\333_-1.5800.jpg,-1.58,-1.0225584506988525,0.5574415493011475,-1.3226380348205566,0.25736196517944343
334,E:\桌面\data1\334_-1.5800.jpg,-1.58,-1.6049408912658691,0.02494089126586907,-1.4818634986877441,0.09813650131225593
335,E:\桌面\data1\335_-1.5800.jpg,-1.58,-1.5464122295379639,0.033587770462036204,-1.4981675148010254,0.08183248519897468
336,E:\桌面\data1\336_-1.5800.jpg,-1.58,-1.593414068222046,0.013414068222045827,-1.562051773071289,0.01794822692871101
337,E:\桌面\data1\337_-1.5800.jpg,-1.58,-0.7810745239257812,0.7989254760742188,-1.3093699216842651,0.27063007831573493
338,E:\桌面\data1\338_-1.5800.jpg,-1.58,-1.6192998886108398,0.03929988861083977,-1.5267285108566284,0.05327148914337165
339,E:\桌面\data1\339_0.0000.jpg,0.0,0.13295146822929382,0.13295146822929382,0.04634401202201843,0.04634401202201843
340,E:\桌面\data1\340_-1.5800.jpg,-1.58,-1.5366630554199219,0.043336944580078196,-1.531169056892395,0.04883094310760505
341,E:\桌面\data1\341_-1.5800.jpg,-1.58,-1.623213291168213,0.04321329116821282,-1.4976067543029785,0.08239324569702156
342,E:\桌面\data1\342_-1.5800.jpg,-1.58,-1.3593814373016357,0.22061856269836433,-1.5114127397537231,0.06858726024627693
343,E:\桌面\data1\343_-1.5800.jpg,-1.58,-1.1590628623962402,0.42093713760375984,-1.3512629270553589,0.22873707294464118
344,E:\桌面\data1\344_-1.5800.jpg,-1.58,-1.6083652973175049,0.028365297317504812,-1.537227988243103,0.042772011756897044
345,E:\桌面\data1\345_-1.5800.jpg,-1.58,-1.6119182109832764,0.031918210983276296,-1.55779230594635,0.022207694053649973
346,E:\桌面\data1\346_-1.5800.jpg,-1.58,-1.5551373958587646,0.024862604141235423,-1.563466191291809,0.01653380870819099
347,E:\桌面\data1\347_-1.5800.jpg,-1.58,-1.5789976119995117,0.0010023880004883523,-1.5777513980865479,0.0022486019134522195
348,E:\桌面\data1\348_-1.5800.jpg,-1.58,-1.5731053352355957,0.006894664764404368,-1.6163235902786255,0.03632359027862542
349,E:\桌面\data1\349_-1.5800.jpg,-1.58,-1.5597171783447266,0.02028282165527351,-1.6163617372512817,0.03636173725128167
350,E:\桌面\data1\350_0.0000.jpg,0.0,0.07955838739871979,0.07955838739871979,-0.032937079668045044,0.032937079668045044
351,E:\桌面\data1\351_-1.5800.jpg,-1.58,-1.5617668628692627,0.018233137130737376,-1.5028856992721558,0.07711430072784431
352,E:\桌面\data1\352_-1.5800.jpg,-1.58,-1.5365056991577148,0.04349430084228523,-1.6206361055374146,0.04063610553741448
353,E:\桌面\data1\353_-1.5800.jpg,-1.58,-1.5754170417785645,0.004582958221435618,-1.5256019830703735,0.054398016929626536
354,E:\桌面\data1\354_-1.5800.jpg,-1.58,-1.5399315357208252,0.040068464279174876,-1.6043351888656616,0.02433518886566155
355,E:\桌面\data1\355_-1.5800.jpg,-1.58,-1.5440993309020996,0.03590066909790046,-1.5843003988265991,0.00430039882659905
356,E:\桌面\data1\356_-1.5800.jpg,-1.58,-1.6607325077056885,0.0807325077056884,-1.5358079671859741,0.04419203281402595
357,E:\桌面\data1\357_-1.5800.jpg,-1.58,-1.5667805671691895,0.013219432830810618,-1.5377975702285767,0.04220242977142341
358,E:\桌面\data1\358_-1.5800.jpg,-1.58,-1.4857771396636963,0.09422286033630378,-1.4468947649002075,0.13310523509979255
359,E:\桌面\data1\359_-1.5800.jpg,-1.58,-1.6177711486816406,0.037771148681640554,-1.5702089071273804,0.0097910928726197
360,E:\桌面\data1\360_-1.5800.jpg,-1.58,-1.5996153354644775,0.019615335464477468,-1.6013200283050537,0.02132002830505364
361,E:\桌面\data1\361_0.0000.jpg,0.0,-0.19026896357536316,0.19026896357536316,-0.7008508443832397,0.7008508443832397
362,E:\桌面\data1\362_-1.5800.jpg,-1.58,-1.5493676662445068,0.030632333755493235,-1.59010910987854,0.010109109878539968
363,E:\桌面\data1\363_-1.5800.jpg,-1.58,-1.535188913345337,0.04481108665466316,-1.624916434288025,0.04491643428802483
364,E:\桌面\data1\364_-1.5800.jpg,-1.58,-1.617358922958374,0.03735892295837395,-1.6557279825210571,0.07572798252105706
365,E:\桌面\data1\365_-1.5800.jpg,-1.58,-1.590759038925171,0.010759038925170827,-1.6637498140335083,0.08374981403350823
366,E:\桌面\data1\366_-1.5800.jpg,-1.58,-1.2640671730041504,0.3159328269958497,-1.2407363653182983,0.33926363468170173
367,E:\桌面\data1\367_-1.5800.jpg,-1.58,-1.1044201850891113,0.47557981491088874,-1.4746441841125488,0.10535581588745124
368,E:\桌面\data1\368_-1.5800.jpg,-1.58,-1.5169532299041748,0.06304677009582527,-1.3203116655349731,0.2596883344650269
369,E:\桌面\data1\369_-1.5800.jpg,-1.58,-1.4694881439208984,0.11051185607910163,-1.3629226684570312,0.21707733154296882
370,E:\桌面\data1\370_-1.5800.jpg,-1.58,-1.5682275295257568,0.011772470474243235,-1.4841148853302002,0.09588511466979988
371,E:\桌面\data1\371_-1.5800.jpg,-1.58,-1.018028974533081,0.561971025466919,-0.9616116285324097,0.6183883714675904
372,E:\桌面\data1\372_0.0000.jpg,0.0,-1.0284912586212158,1.0284912586212158,-1.336612582206726,1.336612582206726
373,E:\桌面\data1\373_0.0000.jpg,0.0,-0.6486697196960449,0.6486697196960449,-0.4950944483280182,0.4950944483280182
374,E:\桌面\data1\374_0.0000.jpg,0.0,-1.2741196155548096,1.2741196155548096,0.6919254064559937,0.6919254064559937
375,E:\桌面\data1\375_0.0000.jpg,0.0,-0.18550968170166016,0.18550968170166016,-0.4058549702167511,0.4058549702167511
376,E:\桌面\data1\376_0.0000.jpg,0.0,-0.7021656632423401,0.7021656632423401,-0.022032827138900757,0.022032827138900757
377,E:\桌面\data1\377_0.0000.jpg,0.0,-0.4233359694480896,0.4233359694480896,-0.11350074410438538,0.11350074410438538
378,E:\桌面\data1\378_0.0000.jpg,0.0,-0.6029104590415955,0.6029104590415955,0.07704862952232361,0.07704862952232361
379,E:\桌面\data1\379_0.0000.jpg,0.0,-0.20911937952041626,0.20911937952041626,0.06721699237823486,0.06721699237823486
380,E:\桌面\data1\380_0.0000.jpg,0.0,-0.5397819876670837,0.5397819876670837,0.0491885244846344,0.0491885244846344
381,E:\桌面\data1\381_0.0000.jpg,0.0,-1.1639533042907715,1.1639533042907715,0.33704423904418945,0.33704423904418945
382,E:\桌面\data1\382_0.0000.jpg,0.0,-0.26073288917541504,0.26073288917541504,-0.19312784075737,0.19312784075737
383,E:\桌面\data1\383_-1.6000.jpg,-1.6,-0.6192319989204407,0.9807680010795594,-1.519086241722107,0.08091375827789316
384,E:\桌面\data1\384_0.0000.jpg,0.0,-0.0024890005588531494,0.0024890005588531494,0.12968513369560242,0.12968513369560242
385,E:\桌面\data1\385_0.0000.jpg,0.0,0.261806845664978,0.261806845664978,-0.1659305989742279,0.1659305989742279
386,E:\桌面\data1\386_0.0000.jpg,0.0,0.1299779713153839,0.1299779713153839,-0.04858937859535217,0.04858937859535217
387,E:\桌面\data1\387_0.0000.jpg,0.0,-0.40363043546676636,0.40363043546676636,-0.14432847499847412,0.14432847499847412
388,E:\桌面\data1\388_0.0000.jpg,0.0,-0.23171603679656982,0.23171603679656982,0.04260820150375366,0.04260820150375366
389,E:\桌面\data1\389_0.0000.jpg,0.0,0.06800179183483124,0.06800179183483124,0.07654744386672974,0.07654744386672974
390,E:\桌面\data1\390_0.0000.jpg,0.0,0.2817067503929138,0.2817067503929138,0.211050882935524,0.211050882935524
391,E:\桌面\data1\391_0.0000.jpg,0.0,-0.27245187759399414,0.27245187759399414,-0.12736335396766663,0.12736335396766663
392,E:\桌面\data1\392_0.0000.jpg,0.0,-0.4940643310546875,0.4940643310546875,-0.172653466463089,0.172653466463089
393,E:\桌面\data1\393_0.0000.jpg,0.0,-0.11817121505737305,0.11817121505737305,-0.12634649872779846,0.12634649872779846
394,E:\桌面\data1\394_-1.6000.jpg,-1.6,-1.381544589996338,0.2184554100036622,-1.5931488275527954,0.006851172447204679
395,E:\桌面\data1\395_-1.6000.jpg,-1.6,-1.3955776691436768,0.20442233085632333,-1.5194607973098755,0.0805392026901246
396,E:\桌面\data1\396_-1.6000.jpg,-1.6,-1.6024625301361084,0.0024625301361083096,-1.6262019872665405,0.02620198726654044
397,E:\桌面\data1\397_-1.6000.jpg,-1.6,-1.6281535625457764,0.02815356254577628,-1.5165013074874878,0.0834986925125123
398,E:\桌面\data1\398_0.0000.jpg,0.0,0.02560456097126007,0.02560456097126007,-0.22522678971290588,0.22522678971290588
399,E:\桌面\data1\399_-1.6000.jpg,-1.6,-1.6517622470855713,0.0517622470855712,-1.4685779809951782,0.13142201900482187
400,E:\桌面\data1\400_-1.6000.jpg,-1.6,-1.281287431716919,0.31871256828308114,-1.5698329210281372,0.030167078971862882
401,E:\桌面\data1\401_-1.6000.jpg,-1.6,-1.5988669395446777,0.0011330604553223544,-1.553838849067688,0.0461611509323121
402,E:\桌面\data1\402_-1.6000.jpg,-1.6,-1.4888508319854736,0.11114916801452646,-1.5803792476654053,0.019620752334594815
403,E:\桌面\data1\403_-1.6000.jpg,-1.6,-1.2232964038848877,0.3767035961151124,-1.28054940700531,0.31945059299469003
404,E:\桌面\data1\404_-1.6000.jpg,-1.6,-1.716986894607544,0.11698689460754386,-1.5582181215286255,0.0417818784713746
405,E:\桌面\data1\405_-1.6000.jpg,-1.6,-1.592519998550415,0.00748000144958505,-1.6256705522537231,0.025670552253723056
406,E:\桌面\data1\406_-1.6000.jpg,-1.6,-1.4499249458312988,0.15007505416870126,-1.5143100023269653,0.08568999767303476
407,E:\桌面\data1\407_-1.6000.jpg,-1.6,-1.621117353439331,0.021117353439330966,-1.453872561454773,0.14612743854522714
408,E:\桌面\data1\408_-1.6000.jpg,-1.6,-1.5438036918640137,0.05619630813598642,-1.51134192943573,0.08865807056427011
409,E:\桌面\data1\409_0.0000.jpg,0.0,0.16416914761066437,0.16416914761066437,-0.10692465305328369,0.10692465305328369
410,E:\桌面\data1\410_-1.6000.jpg,-1.6,-1.5450434684753418,0.05495653152465829,-1.4785268306732178,0.12147316932678232
411,E:\桌面\data1\411_-1.6000.jpg,-1.6,-1.6037688255310059,0.0037688255310057706,-1.3740311861038208,0.2259688138961793
412,E:\桌面\data1\412_-1.6000.jpg,-1.6,-1.1277751922607422,0.4722248077392579,-0.96039879322052,0.6396012067794801
413,E:\桌面\data1\413_-1.6000.jpg,-1.6,-1.5000255107879639,0.09997448921203622,-1.5512157678604126,0.04878423213958749
414,E:\桌面\data1\414_-1.6000.jpg,-1.6,-0.7773951292037964,0.8226048707962037,-1.337337613105774,0.26266238689422616
415,E:\桌面\data1\415_-1.6000.jpg,-1.6,-1.7159678936004639,0.11596789360046378,-1.230082392692566,0.36991760730743417
416,E:\桌面\data1\416_-1.6000.jpg,-1.6,-1.4044923782348633,0.1955076217651368,-1.524276614189148,0.07572338581085214
417,E:\桌面\data1\417_-1.6000.jpg,-1.6,-1.5808827877044678,0.019117212295532315,-1.442952275276184,0.157047724723816
418,E:\桌面\data1\418_-1.6000.jpg,-1.6,-1.60014009475708,0.0001400947570799893,-1.5941884517669678,0.005811548233032315
419,E:\桌面\data1\419_-1.6000.jpg,-1.6,-1.6134650707244873,0.013465070724487216,-1.55296790599823,0.04703209400177011
420,E:\桌面\data1\420_0.0000.jpg,0.0,0.21020695567131042,0.21020695567131042,0.8031045198440552,0.8031045198440552
421,E:\桌面\data1\421_-1.6000.jpg,-1.6,-1.471064567565918,0.12893543243408212,-1.516172170639038,0.083827829360962
422,E:\桌面\data1\422_-1.6000.jpg,-1.6,-0.7694490551948547,0.8305509448051454,-0.9729214906692505,0.6270785093307496
423,E:\桌面\data1\423_0.0000.jpg,0.0,-0.610413134098053,0.610413134098053,-0.1492643654346466,0.1492643654346466
424,E:\桌面\data1\424_0.0000.jpg,0.0,-0.0376567542552948,0.0376567542552948,-0.5200257301330566,0.5200257301330566
425,E:\桌面\data1\425_0.0000.jpg,0.0,-0.2556493282318115,0.2556493282318115,0.22771383821964264,0.22771383821964264
426,E:\桌面\data1\426_0.0000.jpg,0.0,-0.16802740097045898,0.16802740097045898,0.06614267826080322,0.06614267826080322
427,E:\桌面\data1\427_0.0000.jpg,0.0,0.11232636123895645,0.11232636123895645,-0.010198622941970825,0.010198622941970825
428,E:\桌面\data1\428_0.0000.jpg,0.0,0.14692622423171997,0.14692622423171997,-0.26818808913230896,0.26818808913230896
429,E:\桌面\data1\429_0.0000.jpg,0.0,0.09349244832992554,0.09349244832992554,0.08351282775402069,0.08351282775402069
430,E:\桌面\data1\430_0.0000.jpg,0.0,0.19902999699115753,0.19902999699115753,0.0006494224071502686,0.0006494224071502686
431,E:\桌面\data1\431_0.0000.jpg,0.0,-0.8199698328971863,0.8199698328971863,-0.5590555667877197,0.5590555667877197
432,E:\桌面\data1\432_0.0000.jpg,0.0,0.3501424491405487,0.3501424491405487,0.18150722980499268,0.18150722980499268
433,E:\桌面\data1\433_0.0000.jpg,0.0,-1.3771584033966064,1.3771584033966064,0.19709700345993042,0.19709700345993042
434,E:\桌面\data1\434_0.0000.jpg,0.0,0.05784027278423309,0.05784027278423309,0.29463404417037964,0.29463404417037964
435,E:\桌面\data1\435_0.0000.jpg,0.0,-0.00861327350139618,0.00861327350139618,0.18648764491081238,0.18648764491081238
436,E:\桌面\data1\436_0.0000.jpg,0.0,-0.05272999405860901,0.05272999405860901,0.19957572221755981,0.19957572221755981
437,E:\桌面\data1\437_0.0000.jpg,0.0,-0.0759594738483429,0.0759594738483429,-1.1449037790298462,1.1449037790298462
438,E:\桌面\data1\438_0.0000.jpg,0.0,-0.20005396008491516,0.20005396008491516,0.20474544167518616,0.20474544167518616
439,E:\桌面\data1\439_0.0000.jpg,0.0,0.036328062415122986,0.036328062415122986,0.28639742732048035,0.28639742732048035
440,E:\桌面\data1\440_0.0000.jpg,0.0,0.09508460760116577,0.09508460760116577,0.05086365342140198,0.05086365342140198
441,E:\桌面\data1\441_0.0000.jpg,0.0,-0.8515264391899109,0.8515264391899109,-0.19115379452705383,0.19115379452705383
442,E:\桌面\data1\442_0.0000.jpg,0.0,-0.5401045680046082,0.5401045680046082,-0.4257678687572479,0.4257678687572479
443,E:\桌面\data1\443_0.0000.jpg,0.0,-1.3964602947235107,1.3964602947235107,-0.6814626455307007,0.6814626455307007
444,E:\桌面\data1\444_0.0000.jpg,0.0,-0.10177251696586609,0.10177251696586609,-0.24377647042274475,0.24377647042274475
445,E:\桌面\data1\445_-1.5000.jpg,-1.5,-1.3840398788452148,0.11596012115478516,-0.7133886814117432,0.7866113185882568
446,E:\桌面\data1\446_-1.5000.jpg,-1.5,-1.4099335670471191,0.09006643295288086,-1.469778299331665,0.03022170066833496
447,E:\桌面\data1\447_-1.5000.jpg,-1.5,-0.7942377328872681,0.7057622671127319,-0.5904992818832397,0.9095007181167603
448,E:\桌面\data1\448_-1.5000.jpg,-1.5,-1.2980942726135254,0.2019057273864746,-1.508628487586975,0.008628487586975098
449,E:\桌面\data1\449_-1.5000.jpg,-1.5,-1.501530408859253,0.0015304088592529297,-1.4649853706359863,0.03501462936401367
450,E:\桌面\data1\450_-1.5000.jpg,-1.5,-1.1347377300262451,0.3652622699737549,-1.461584448814392,0.03841555118560791
451,E:\桌面\data1\451_-1.5000.jpg,-1.5,-1.227696418762207,0.27230358123779297,-1.4506642818450928,0.04933571815490723
452,E:\桌面\data1\452_-1.5000.jpg,-1.5,-1.6355719566345215,0.13557195663452148,-1.4597561359405518,0.04024386405944824
453,E:\桌面\data1\453_0.0000.jpg,0.0,-0.17377299070358276,0.17377299070358276,-0.21894845366477966,0.21894845366477966
454,E:\桌面\data1\454_-1.5000.jpg,-1.5,-1.5653786659240723,0.06537866592407227,-1.5023367404937744,0.002336740493774414
455,E:\桌面\data1\455_-1.5000.jpg,-1.5,-1.632734775543213,0.1327347755432129,-1.3600490093231201,0.13995099067687988
456,E:\桌面\data1\456_-1.5000.jpg,-1.5,-1.4479801654815674,0.05201983451843262,-1.4585384130477905,0.04146158695220947
457,E:\桌面\data1\457_-1.5000.jpg,-1.5,-1.5549545288085938,0.05495452880859375,-1.408534288406372,0.09146571159362793
458,E:\桌面\data1\458_-1.5000.jpg,-1.5,-1.5030181407928467,0.0030181407928466797,-1.5326125621795654,0.03261256217956543
459,E:\桌面\data1\459_-1.5000.jpg,-1.5,-1.6152162551879883,0.11521625518798828,-0.12204977869987488,1.3779502213001251
460,E:\桌面\data1\460_-1.5000.jpg,-1.5,-1.5533621311187744,0.053362131118774414,-1.230464220046997,0.26953577995300293
461,E:\桌面\data1\461_-1.5000.jpg,-1.5,-1.5400900840759277,0.040090084075927734,-1.440872073173523,0.05912792682647705
462,E:\桌面\data1\462_-1.5000.jpg,-1.5,-1.487518310546875,0.012481689453125,-1.428877592086792,0.07112240791320801
463,E:\桌面\data1\463_-1.5000.jpg,-1.5,-1.5078787803649902,0.007878780364990234,-1.516884684562683,0.016884684562683105
464,E:\桌面\data1\464_0.0000.jpg,0.0,-0.43865126371383667,0.43865126371383667,0.1588875651359558,0.1588875651359558
465,E:\桌面\data1\465_-1.5000.jpg,-1.5,-1.5496246814727783,0.04962468147277832,-1.6097534894943237,0.10975348949432373
466,E:\桌面\data1\466_-1.5000.jpg,-1.5,-1.6070101261138916,0.1070101261138916,-1.4054559469223022,0.09454405307769775
467,E:\桌面\data1\467_-1.5000.jpg,-1.5,-1.3120832443237305,0.18791675567626953,-1.3137234449386597,0.18627655506134033
468,E:\桌面\data1\468_-1.5000.jpg,-1.5,-1.5052196979522705,0.005219697952270508,-1.4342058897018433,0.06579411029815674
469,E:\桌面\data1\469_-1.5000.jpg,-1.5,-1.4552934169769287,0.04470658302307129,-1.3605823516845703,0.1394176483154297
470,E:\桌面\data1\470_-1.5000.jpg,-1.5,-1.507683277130127,0.007683277130126953,-1.4417704343795776,0.05822956562042236
471,E:\桌面\data1\471_-1.5000.jpg,-1.5,-1.5760743618011475,0.07607436180114746,-1.4497623443603516,0.05023765563964844
472,E:\桌面\data1\472_-1.5000.jpg,-1.5,-1.4787554740905762,0.021244525909423828,-1.4837088584899902,0.016291141510009766
473,E:\桌面\data1\473_-1.5000.jpg,-1.5,-1.4639840126037598,0.036015987396240234,-1.5337809324264526,0.03378093242645264
474,E:\桌面\data1\474_-1.5000.jpg,-1.5,-1.5288610458374023,0.028861045837402344,-1.5699794292449951,0.06997942924499512
475,E:\桌面\data1\475_0.0000.jpg,0.0,-1.293116807937622,1.293116807937622,-0.08340129256248474,0.08340129256248474
476,E:\桌面\data1\476_-1.5000.jpg,-1.5,-1.56229567527771,0.06229567527770996,-1.4997507333755493,0.0002492666244506836
477,E:\桌面\data1\477_-1.5000.jpg,-1.5,-1.4952404499053955,0.004759550094604492,-1.4462331533432007,0.053766846656799316
478,E:\桌面\data1\478_-1.5000.jpg,-1.5,-1.5007541179656982,0.0007541179656982422,-1.4952350854873657,0.004764914512634277
479,E:\桌面\data1\479_-1.5000.jpg,-1.5,-1.4993736743927002,0.0006263256072998047,-1.5508140325546265,0.050814032554626465
480,E:\桌面\data1\480_-1.5000.jpg,-1.5,-1.5506439208984375,0.0506439208984375,-1.4847140312194824,0.015285968780517578
481,E:\桌面\data1\481_-1.5000.jpg,-1.5,-1.2162511348724365,0.2837488651275635,-1.5135951042175293,0.013595104217529297
482,E:\桌面\data1\482_-1.5000.jpg,-1.5,-1.5316846370697021,0.03168463706970215,-1.4034847021102905,0.09651529788970947
483,E:\桌面\data1\483_-1.5000.jpg,-1.5,-1.4746971130371094,0.025302886962890625,-1.512930989265442,0.012930989265441895
484,E:\桌面\data1\484_-1.5000.jpg,-1.5,-1.5532939434051514,0.05329394340515137,-1.4886852502822876,0.011314749717712402
485,E:\桌面\data1\485_-1.5000.jpg,-1.5,-1.1382176876068115,0.3617823123931885,-1.461381196975708,0.03861880302429199
486,E:\桌面\data1\486_0.0000.jpg,0.0,0.16457968950271606,0.16457968950271606,0.11765444278717041,0.11765444278717041
487,E:\桌面\data1\487_0.0000.jpg,0.0,-1.0886764526367188,1.0886764526367188,-0.4556221663951874,0.4556221663951874
488,E:\桌面\data1\488_-1.5000.jpg,-1.5,-1.644078254699707,0.14407825469970703,-1.2872915267944336,0.2127084732055664
489,E:\桌面\data1\489_-1.5000.jpg,-1.5,-1.5908722877502441,0.09087228775024414,-1.3880093097686768,0.11199069023132324
490,E:\桌面\data1\490_-1.5000.jpg,-1.5,-1.578977108001709,0.07897710800170898,-1.5434716939926147,0.043471693992614746
491,E:\桌面\data1\491_-1.5000.jpg,-1.5,-1.5741891860961914,0.0741891860961914,-1.5254226922988892,0.02542269229888916
492,E:\桌面\data1\492_-1.5800.jpg,-1.58,-1.586707353591919,0.006707353591918874,-1.5648812055587769,0.015118794441223216
493,E:\桌面\data1\493_-1.5800.jpg,-1.58,-1.5380580425262451,0.041941957473754954,-1.4980170726776123,0.08198292732238777
494,E:\桌面\data1\494_-1.5800.jpg,-1.58,-1.084559440612793,0.4954405593872071,-1.5568550825119019,0.023144917488098216
495,E:\桌面\data1\495_-1.5800.jpg,-1.58,-1.710564374923706,0.13056437492370598,-1.0143746137619019,0.5656253862380982
496,E:\桌面\data1\496_-1.5800.jpg,-1.58,-1.6104302406311035,0.030430240631103445,-1.5050569772720337,0.07494302272796638
497,E:\桌面\data1\497_-1.5800.jpg,-1.58,-1.301654577255249,0.27834542274475105,-1.6263350248336792,0.04633502483367913
498,E:\桌面\data1\498_0.0000.jpg,0.0,-0.6872017979621887,0.6872017979621887,0.12494337558746338,0.12494337558746338
499,E:\桌面\data1\499_-1.5800.jpg,-1.58,-1.556778907775879,0.023221092224121165,-1.572074294090271,0.007925705909729075
500,E:\桌面\data1\500_-1.5800.jpg,-1.58,-1.5187811851501465,0.06121881484985359,-1.348976969718933,0.23102303028106697
501,E:\桌面\data1\501_-1.5800.jpg,-1.58,-1.5823721885681152,0.0023721885681151633,-1.5856291055679321,0.005629105567932058
502,E:\桌面\data1\502_-1.5800.jpg,-1.58,-1.6069095134735107,0.02690951347351067,-1.6117726564407349,0.03177265644073479
503,E:\桌面\data1\503_-1.5800.jpg,-1.58,0.9708190560340881,2.550819056034088,-0.04769739508628845,1.5323026049137116
504,E:\桌面\data1\504_-1.5800.jpg,-1.58,-1.4586336612701416,0.12136633872985847,-1.7043061256408691,0.12430612564086907
505,E:\桌面\data1\505_-1.5800.jpg,-1.58,-1.5167639255523682,0.06323607444763191,-1.6281609535217285,0.048160953521728445
506,E:\桌面\data1\506_-1.5800.jpg,-1.58,-1.6600744724273682,0.08007447242736809,-1.4716209173202515,0.1083790826797486
507,E:\桌面\data1\507_-1.5800.jpg,-1.58,-1.5713484287261963,0.008651571273803782,-1.4495080709457397,0.13049192905426032
508,E:\桌面\data1\508_-1.5800.jpg,-1.58,-1.3217182159423828,0.25828178405761726,-1.5817995071411133,0.0017995071411132102
509,E:\桌面\data1\509_0.0000.jpg,0.0,-0.36785048246383667,0.36785048246383667,-0.12329396605491638,0.12329396605491638
510,E:\桌面\data1\510_-1.5800.jpg,-1.58,-1.4665107727050781,0.11348922729492195,-1.505355715751648,0.07464428424835212
511,E:\桌面\data1\511_-1.5800.jpg,-1.58,-1.5809409618377686,0.0009409618377684836,-1.6598111391067505,0.07981113910675042
512,E:\桌面\data1\512_-1.5800.jpg,-1.58,-1.6131203174591064,0.033120317459106374,-1.5661218166351318,0.013878183364868235
513,E:\桌面\data1\513_-1.5800.jpg,-1.58,-1.5632684230804443,0.016731576919555735,-1.600777506828308,0.020777506828308034
514,E:\桌面\data1\514_-1.5800.jpg,-1.58,-1.5441505908966064,0.035849409103393626,-1.5265041589736938,0.05349584102630622
515,E:\桌面\data1\515_-1.5800.jpg,-1.58,-1.320704698562622,0.259295301437378,-1.542076826095581,0.037923173904419016
516,E:\桌面\data1\516_-1.5800.jpg,-1.58,-1.596423625946045,0.01642362594604485,-1.5759072303771973,0.004092769622802805
517,E:\桌面\data1\517_-1.5800.jpg,-1.58,-1.5265181064605713,0.05348189353942878,-1.5604445934295654,0.01955540657043464
518,E:\桌面\data1\518_-1.5800.jpg,-1.58,-1.4111323356628418,0.16886766433715827,-1.567946434020996,0.012053565979003977
519,E:\桌面\data1\519_-1.5800.jpg,-1.58,0.6470175981521606,2.2270175981521607,-1.5081361532211304,0.0718638467788697
520,E:\桌面\data1\520_0.0000.jpg,0.0,-0.5651542544364929,0.5651542544364929,-0.3447974622249603,0.3447974622249603
521,E:\桌面\data1\521_-1.5800.jpg,-1.58,-1.5449206829071045,0.03507931709289558,-1.5551187992095947,0.024881200790405344
522,E:\桌面\data1\522_-1.5800.jpg,-1.58,-1.6057169437408447,0.025716943740844656,-1.5263539552688599,0.05364604473114021
523,E:\桌面\data1\523_-1.5800.jpg,-1.58,-1.5831973552703857,0.003197355270385671,-1.4306975603103638,0.1493024396896363
524,E:\桌面\data1\524_-1.5800.jpg,-1.58,-1.5638577938079834,0.016142206192016673,-1.5111571550369263,0.0688428449630738
525,E:\桌面\data1\525_-1.5800.jpg,-1.58,-1.5882253646850586,0.008225364685058523,-1.522132396697998,0.057867603302002024
526,E:\桌面\data1\526_-1.5800.jpg,-1.58,-1.533292293548584,0.04670770645141609,-1.5685077905654907,0.011492209434509348
527,E:\桌面\data1\527_-1.5800.jpg,-1.58,-1.600630283355713,0.02063028335571282,-1.561329960823059,0.01867003917694099
528,E:\桌面\data1\528_-1.5800.jpg,-1.58,-1.6871695518493652,0.10716955184936516,-1.6182900667190552,0.038290066719055105
529,E:\桌面\data1\529_-1.5800.jpg,-1.58,-1.6826956272125244,0.10269562721252434,-1.5923362970352173,0.012336297035217214
530,E:\桌面\data1\530_-1.5800.jpg,-1.58,-1.4491515159606934,0.1308484840393067,-1.5259814262390137,0.0540185737609864
531,E:\桌面\data1\531_0.0000.jpg,0.0,-0.03939551115036011,0.03939551115036011,-0.2294674813747406,0.2294674813747406
532,E:\桌面\data1\532_-1.5800.jpg,-1.58,-1.4450030326843262,0.1349969673156739,-1.5056222677230835,0.07437773227691657
533,E:\桌面\data1\533_-1.5800.jpg,-1.58,-1.3244035243988037,0.25559647560119636,-1.42005455493927,0.15994544506073005
534,E:\桌面\data1\534_-1.5800.jpg,-1.58,-1.3278231620788574,0.25217683792114265,-1.5324662923812866,0.04753370761871345
535,E:\桌面\data1\535_-1.5800.jpg,-1.58,-1.676569938659668,0.0965699386596679,-1.5795375108718872,0.000462489128112864
536,E:\桌面\data1\536_-1.5800.jpg,-1.58,-1.619229793548584,0.03922979354858391,-1.4926894903182983,0.08731050968170173
537,E:\桌面\data1\537_-1.5800.jpg,-1.58,-1.5862746238708496,0.006274623870849538,-1.54658043384552,0.03341956615448005
538,E:\桌面\data1\538_-1.5800.jpg,-1.58,-1.489767074584961,0.09023292541503913,-1.479551076889038,0.10044892311096199
539,E:\桌面\data1\539_-1.5800.jpg,-1.58,-1.3262391090393066,0.25376089096069343,-1.5056843757629395,0.07431562423706062
540,E:\桌面\data1\540_0.0000.jpg,0.0,-1.4930996894836426,1.4930996894836426,-1.1075043678283691,1.1075043678283691
541,E:\桌面\data1\541_0.0000.jpg,0.0,-0.9928788542747498,0.9928788542747498,-0.8478326797485352,0.8478326797485352
542,E:\桌面\data1\542_0.0000.jpg,0.0,-0.6346607208251953,0.6346607208251953,-0.6649047136306763,0.6649047136306763
543,E:\桌面\data1\543_0.0000.jpg,0.0,-0.8026673197746277,0.8026673197746277,-0.032855480909347534,0.032855480909347534
544,E:\桌面\data1\544_0.0000.jpg,0.0,-0.28281867504119873,0.28281867504119873,-0.02246001362800598,0.02246001362800598
545,E:\桌面\data1\545_0.0000.jpg,0.0,-0.4498717784881592,0.4498717784881592,-0.14476022124290466,0.14476022124290466
546,E:\桌面\data1\546_0.0000.jpg,0.0,-0.056866079568862915,0.056866079568862915,0.03445160388946533,0.03445160388946533
547,E:\桌面\data1\547_0.0000.jpg,0.0,-1.344003677368164,1.344003677368164,-1.3003836870193481,1.3003836870193481
548,E:\桌面\data1\548_0.0000.jpg,0.0,-0.2939991354942322,0.2939991354942322,0.033961132168769836,0.033961132168769836
549,E:\桌面\data1\549_0.0000.jpg,0.0,-0.4276195764541626,0.4276195764541626,0.04326017200946808,0.04326017200946808
550,E:\桌面\data1\550_0.0000.jpg,0.0,-0.128645122051239,0.128645122051239,-0.0553356409072876,0.0553356409072876
551,E:\桌面\data1\551_0.0000.jpg,0.0,-0.1805509626865387,0.1805509626865387,0.03842538595199585,0.03842538595199585
552,E:\桌面\data1\552_0.0000.jpg,0.0,-0.726207435131073,0.726207435131073,-0.08377900719642639,0.08377900719642639
553,E:\桌面\data1\553_-1.6000.jpg,-1.6,-1.1087815761566162,0.4912184238433839,-1.5618233680725098,0.03817663192749032
554,E:\桌面\data1\554_0.0000.jpg,0.0,-0.012731820344924927,0.012731820344924927,-0.14556878805160522,0.14556878805160522
555,E:\桌面\data1\555_0.0000.jpg,0.0,-0.1666867434978485,0.1666867434978485,-0.09930452704429626,0.09930452704429626
556,E:\桌面\data1\556_0.0000.jpg,0.0,-0.07958918809890747,0.07958918809890747,0.029859721660614014,0.029859721660614014
557,E:\桌面\data1\557_0.0000.jpg,0.0,-0.15444865822792053,0.15444865822792053,-0.0663810670375824,0.0663810670375824
558,E:\桌面\data1\558_0.0000.jpg,0.0,-0.23356890678405762,0.23356890678405762,-0.013604879379272461,0.013604879379272461
559,E:\桌面\data1\559_0.0000.jpg,0.0,-0.06471531093120575,0.06471531093120575,-0.013271838426589966,0.013271838426589966
560,E:\桌面\data1\560_0.0000.jpg,0.0,0.07158570736646652,0.07158570736646652,-7.429718971252441e-05,7.429718971252441e-05
561,E:\桌面\data1\561_0.0000.jpg,0.0,-0.22747093439102173,0.22747093439102173,0.020842701196670532,0.020842701196670532
562,E:\桌面\data1\562_-1.6000.jpg,-1.6,-1.090799331665039,0.509200668334961,-0.7788602113723755,0.8211397886276246
563,E:\桌面\data1\563_-1.6000.jpg,-1.6,-1.3087024688720703,0.2912975311279298,-1.5443249940872192,0.05567500591278085
564,E:\桌面\data1\564_-1.6000.jpg,-1.6,-1.5154211521148682,0.08457884788513192,-1.6269654035568237,0.02696540355682364
565,E:\桌面\data1\565_-1.6000.jpg,-1.6,-1.5977952480316162,0.002204751968383878,-1.6469061374664307,0.046906137466430575
566,E:\桌面\data1\566_0.0000.jpg,0.0,0.08214806020259857,0.08214806020259857,0.14906343817710876,0.14906343817710876
567,E:\桌面\data1\567_-1.6000.jpg,-1.6,-1.3500444889068604,0.24995551109313974,-1.4295899868011475,0.17041001319885263
568,E:\桌面\data1\568_-1.6000.jpg,-1.6,-1.5888855457305908,0.011114454269409269,-1.606885552406311,0.006885552406310946
569,E:\桌面\data1\569_-1.6000.jpg,-1.6,-1.6133136749267578,0.013313674926757724,-1.6273225545883179,0.027322554588317782
570,E:\桌面\data1\570_-1.6000.jpg,-1.6,-1.1176252365112305,0.4823747634887696,-1.4734151363372803,0.12658486366271982
571,E:\桌面\data1\571_-1.6000.jpg,-1.6,-1.5596697330474854,0.04033026695251474,-1.6019936800003052,0.001993680000305087
572,E:\桌面\data1\572_-1.6000.jpg,-1.6,-1.6101269721984863,0.01012697219848624,-1.6289409399032593,0.02894093990325919
573,E:\桌面\data1\573_-1.6000.jpg,-1.6,-1.7318880558013916,0.1318880558013915,-1.6565877199172974,0.056587719917297274
574,E:\桌面\data1\574_-1.6000.jpg,-1.6,-1.217454195022583,0.3825458049774171,-1.4699946641921997,0.13000533580780038
575,E:\桌面\data1\575_-1.6000.jpg,-1.6,-1.670717477798462,0.07071747779846183,-1.6874734163284302,0.08747341632843009
576,E:\桌面\data1\576_-1.6000.jpg,-1.6,-1.5309808254241943,0.06901917457580575,-1.5805236101150513,0.01947638988494882
577,E:\桌面\data1\577_0.0000.jpg,0.0,-0.012302786111831665,0.012302786111831665,0.15132495760917664,0.15132495760917664
578,E:\桌面\data1\578_-1.6000.jpg,-1.6,-0.7177448868751526,0.8822551131248475,-0.6215578317642212,0.9784421682357789
579,E:\桌面\data1\579_-1.6000.jpg,-1.6,-0.48189443349838257,1.1181055665016175,-0.9935348033905029,0.6064651966094972
580,E:\桌面\data1\580_-1.6000.jpg,-1.6,-1.5784146785736084,0.02158532142639169,-1.6835368871688843,0.08353688716888419
581,E:\桌面\data1\581_-1.6000.jpg,-1.6,-1.566615104675293,0.03338489532470712,-1.499151349067688,0.1008486509323121
582,E:\桌面\data1\582_-1.6000.jpg,-1.6,-1.588472843170166,0.011527156829834073,-1.5937139987945557,0.006286001205444425
583,E:\桌面\data1\583_-1.6000.jpg,-1.6,-1.5994229316711426,0.0005770683288575107,-1.57552170753479,0.02447829246521005
584,E:\桌面\data1\584_-1.6000.jpg,-1.6,-1.5865256786346436,0.013474321365356534,-0.5944055318832397,1.0055944681167603
585,E:\桌面\data1\585_-1.6000.jpg,-1.6,-1.4625236988067627,0.1374763011932374,-1.4189460277557373,0.18105397224426278
586,E:\桌面\data1\586_-1.6000.jpg,-1.6,-1.127507209777832,0.47249279022216806,-1.5499705076217651,0.05002949237823495
587,E:\桌面\data1\587_-1.6000.jpg,-1.6,-1.2603044509887695,0.33969554901123056,-1.4445900917053223,0.15540990829467782
588,E:\桌面\data1\588_0.0000.jpg,0.0,-0.13373678922653198,0.13373678922653198,-0.23462828993797302,0.23462828993797302
589,E:\桌面\data1\589_-1.6000.jpg,-1.6,-0.797814130783081,0.802185869216919,-0.6166690587997437,0.9833309412002564
590,E:\桌面\data1\590_-1.6000.jpg,-1.6,-0.28102248907089233,1.3189775109291078,-1.3553024530410767,0.24469754695892343
591,E:\桌面\data1\591_0.0000.jpg,0.0,-0.8551642298698425,0.8551642298698425,0.34068378806114197,0.34068378806114197
592,E:\桌面\data1\592_0.0000.jpg,0.0,0.0921066403388977,0.0921066403388977,0.21918120980262756,0.21918120980262756
593,E:\桌面\data1\593_0.0000.jpg,0.0,-0.13726162910461426,0.13726162910461426,0.004939287900924683,0.004939287900924683
594,E:\桌面\data1\594_0.0000.jpg,0.0,0.14575177431106567,0.14575177431106567,0.1024692952632904,0.1024692952632904
595,E:\桌面\data1\595_0.0000.jpg,0.0,-0.1913977861404419,0.1913977861404419,0.011396706104278564,0.011396706104278564
596,E:\桌面\data1\596_0.0000.jpg,0.0,0.054518163204193115,0.054518163204193115,-0.05676066875457764,0.05676066875457764
597,E:\桌面\data1\597_0.0000.jpg,0.0,0.10182291269302368,0.10182291269302368,0.05953142046928406,0.05953142046928406
598,E:\桌面\data1\598_0.0000.jpg,0.0,0.9005016088485718,0.9005016088485718,0.8006768226623535,0.8006768226623535
599,E:\桌面\data1\599_0.0000.jpg,0.0,-0.11163228750228882,0.11163228750228882,0.042985737323760986,0.042985737323760986
600,E:\桌面\data1\600_0.0000.jpg,0.0,-0.18346256017684937,0.18346256017684937,0.025099366903305054,0.025099366903305054
601,E:\桌面\data1\601_0.0000.jpg,0.0,0.29554471373558044,0.29554471373558044,-0.07689648866653442,0.07689648866653442
602,E:\桌面\data1\602_0.0000.jpg,0.0,0.04195086658000946,0.04195086658000946,0.09712114930152893,0.09712114930152893
603,E:\桌面\data1\603_0.0000.jpg,0.0,0.11803198605775833,0.11803198605775833,0.07551354169845581,0.07551354169845581
604,E:\桌面\data1\604_0.0000.jpg,0.0,-0.22697702050209045,0.22697702050209045,0.005991190671920776,0.005991190671920776
605,E:\桌面\data1\605_0.0000.jpg,0.0,-0.20617613196372986,0.20617613196372986,-0.07750687003135681,0.07750687003135681
606,E:\桌面\data1\606_0.0000.jpg,0.0,-0.7554728984832764,0.7554728984832764,-0.03431472182273865,0.03431472182273865
607,E:\桌面\data1\607_0.0000.jpg,0.0,-0.24395328760147095,0.24395328760147095,-0.015182465314865112,0.015182465314865112
608,E:\桌面\data1\608_0.0000.jpg,0.0,-0.3026849329471588,0.3026849329471588,-0.07928076386451721,0.07928076386451721
609,E:\桌面\data1\609_0.0000.jpg,0.0,-0.09887990355491638,0.09887990355491638,-0.12112903594970703,0.12112903594970703
610,E:\桌面\data1\610_0.0000.jpg,0.0,-0.14878341555595398,0.14878341555595398,0.07561522722244263,0.07561522722244263
611,E:\桌面\data1\611_0.0000.jpg,0.0,-1.0315709114074707,1.0315709114074707,-0.07821968197822571,0.07821968197822571
612,E:\桌面\data1\612_0.0000.jpg,0.0,-0.4555346965789795,0.4555346965789795,-0.49521616101264954,0.49521616101264954
613,E:\桌面\data1\613_-1.5000.jpg,-1.5,-0.5879579186439514,0.9120420813560486,-1.4734612703323364,0.026538729667663574
614,E:\桌面\data1\614_-1.5000.jpg,-1.5,-1.3809120655059814,0.11908793449401855,-1.558233380317688,0.05823338031768799
615,E:\桌面\data1\615_-1.5000.jpg,-1.5,-1.1400728225708008,0.3599271774291992,-1.5532010793685913,0.05320107936859131
616,E:\桌面\data1\616_-1.5000.jpg,-1.5,-0.639391303062439,0.860608696937561,-1.5516706705093384,0.05167067050933838
617,E:\桌面\data1\617_-1.5000.jpg,-1.5,-1.5114572048187256,0.011457204818725586,-1.5152610540390015,0.015261054039001465
618,E:\桌面\data1\618_-1.5000.jpg,-1.5,-1.5392749309539795,0.03927493095397949,-1.5516471862792969,0.051647186279296875
619,E:\桌面\data1\619_-1.5000.jpg,-1.5,-1.638491153717041,0.13849115371704102,-1.5045835971832275,0.004583597183227539
620,E:\桌面\data1\620_-1.5000.jpg,-1.5,-1.5013394355773926,0.0013394355773925781,-1.5417581796646118,0.041758179664611816
621,E:\桌面\data1\621_0.0000.jpg,0.0,-0.05454283952713013,0.05454283952713013,-0.16026630997657776,0.16026630997657776
622,E:\桌面\data1\622_-1.5000.jpg,-1.5,-1.538149118423462,0.038149118423461914,-1.5120280981063843,0.012028098106384277
623,E:\桌面\data1\623_-1.5000.jpg,-1.5,-1.4272544384002686,0.07274556159973145,-1.5439459085464478,0.043945908546447754
624,E:\桌面\data1\624_-1.5000.jpg,-1.5,-1.5034878253936768,0.003487825393676758,-1.4943490028381348,0.005650997161865234
625,E:\桌面\data1\625_-1.5000.jpg,-1.5,-1.4891071319580078,0.010892868041992188,-1.4763368368148804,0.02366316318511963
626,E:\桌面\data1\626_-1.5000.jpg,-1.5,-1.4632675647735596,0.03673243522644043,-1.4899085760116577,0.010091423988342285
627,E:\桌面\data1\627_-1.5000.jpg,-1.5,-1.6607518196105957,0.1607518196105957,-1.3611980676651,0.1388019323348999
628,E:\桌面\data1\628_-1.5000.jpg,-1.5,-1.482004165649414,0.017995834350585938,-1.4571646451950073,0.042835354804992676
629,E:\桌面\data1\629_-1.5000.jpg,-1.5,-1.5805234909057617,0.08052349090576172,-1.4888578653335571,0.011142134666442871
630,E:\桌面\data1\630_-1.5000.jpg,-1.5,-1.4850854873657227,0.014914512634277344,-1.5048643350601196,0.004864335060119629
631,E:\桌面\data1\631_-1.5000.jpg,-1.5,-1.4419550895690918,0.0580449104309082,-1.5783982276916504,0.07839822769165039
632,E:\桌面\data1\632_0.0000.jpg,0.0,0.1770940124988556,0.1770940124988556,0.05921429395675659,0.05921429395675659
633,E:\桌面\data1\633_-1.5000.jpg,-1.5,-1.430760145187378,0.06923985481262207,-1.3397409915924072,0.16025900840759277
634,E:\桌面\data1\634_-1.5000.jpg,-1.5,-1.4697771072387695,0.03022289276123047,-1.4908198118209839,0.009180188179016113
635,E:\桌面\data1\635_-1.5000.jpg,-1.5,-1.6221001148223877,0.1221001148223877,-1.4721450805664062,0.02785491943359375
636,E:\桌面\data1\636_-1.5000.jpg,-1.5,-1.4656362533569336,0.034363746643066406,-1.4899617433547974,0.010038256645202637
637,E:\桌面\data1\637_-1.5000.jpg,-1.5,-1.4866883754730225,0.013311624526977539,-1.4915153980255127,0.008484601974487305
638,E:\桌面\data1\638_-1.5000.jpg,-1.5,-1.3637816905975342,0.13621830940246582,-1.4937626123428345,0.006237387657165527
639,E:\桌面\data1\639_-1.5000.jpg,-1.5,-1.4926366806030273,0.007363319396972656,-1.4238766431808472,0.07612335681915283
640,E:\桌面\data1\640_-1.5000.jpg,-1.5,-1.2953875064849854,0.20461249351501465,-1.5627890825271606,0.06278908252716064
641,E:\桌面\data1\641_-1.5000.jpg,-1.5,-1.379819631576538,0.12018036842346191,-1.5341657400131226,0.03416574001312256
642,E:\桌面\data1\642_-1.5000.jpg,-1.5,-1.4672508239746094,0.032749176025390625,-1.4071781635284424,0.09282183647155762
643,E:\桌面\data1\643_0.0000.jpg,0.0,-0.1963633894920349,0.1963633894920349,-0.10832178592681885,0.10832178592681885
644,E:\桌面\data1\644_-1.5000.jpg,-1.5,-1.4925894737243652,0.007410526275634766,-1.4882205724716187,0.011779427528381348
645,E:\桌面\data1\645_-1.5000.jpg,-1.5,-1.4826533794403076,0.017346620559692383,-1.4390902519226074,0.06090974807739258
646,E:\桌面\data1\646_-1.5000.jpg,-1.5,-1.465198040008545,0.03480195999145508,-1.5161336660385132,0.016133666038513184
647,E:\桌面\data1\647_-1.5000.jpg,-1.5,-0.5644561648368835,0.9355438351631165,-1.3695138692855835,0.1304861307144165
648,E:\桌面\data1\648_-1.5000.jpg,-1.5,-1.4321274757385254,0.06787252426147461,-1.4972959756851196,0.002704024314880371
649,E:\桌面\data1\649_-1.5000.jpg,-1.5,-1.4997828006744385,0.00021719932556152344,-1.0142875909805298,0.4857124090194702
650,E:\桌面\data1\650_-1.5000.jpg,-1.5,-1.1195733547210693,0.38042664527893066,-1.438557505607605,0.06144249439239502
651,E:\桌面\data1\651_-1.5000.jpg,-1.5,-1.4629426002502441,0.03705739974975586,-1.511595368385315,0.011595368385314941
652,E:\桌面\data1\652_-1.5000.jpg,-1.5,-1.5012359619140625,0.0012359619140625,-1.4902502298355103,0.009749770164489746
653,E:\桌面\data1\653_-1.5000.jpg,-1.5,-1.496211290359497,0.0037887096405029297,-1.443143367767334,0.056856632232666016
654,E:\桌面\data1\654_0.0000.jpg,0.0,0.05027984827756882,0.05027984827756882,-0.3227722942829132,0.3227722942829132
655,E:\桌面\data1\655_0.0000.jpg,0.0,-0.20178985595703125,0.20178985595703125,-0.06262251734733582,0.06262251734733582
656,E:\桌面\data1\656_-1.5000.jpg,-1.5,-1.516706943511963,0.01670694351196289,-1.097006916999817,0.4029930830001831
657,E:\桌面\data1\657_-1.5000.jpg,-1.5,-1.4587924480438232,0.04120755195617676,-1.5327993631362915,0.032799363136291504
658,E:\桌面\data1\658_-1.5000.jpg,-1.5,-1.5652291774749756,0.06522917747497559,-1.5393296480178833,0.0393296480178833
659,E:\桌面\data1\659_-1.5000.jpg,-1.5,-1.2511382102966309,0.24886178970336914,-1.5330759286880493,0.033075928688049316
660,E:\桌面\data1\660_-1.5000.jpg,-1.5,-1.5027189254760742,0.0027189254760742188,-1.5386872291564941,0.03868722915649414
661,E:\桌面\data1\661_-1.5000.jpg,-1.5,-1.640197992324829,0.1401979923248291,-1.5533347129821777,0.053334712982177734
662,E:\桌面\data1\662_-1.5000.jpg,-1.5,-1.5629384517669678,0.06293845176696777,-1.5450351238250732,0.04503512382507324
663,E:\桌面\data1\663_-1.5000.jpg,-1.5,-1.637035846710205,0.13703584671020508,-1.59080970287323,0.09080970287322998
664,E:\桌面\data1\664_-1.5000.jpg,-1.5,-1.6814301013946533,0.18143010139465332,-1.4230719804763794,0.0769280195236206
665,E:\桌面\data1\665_-1.5600.jpg,-1.56,-0.5678226351737976,0.9921773648262024,-1.5083361864089966,0.05166381359100347
666,E:\桌面\data1\666_0.0000.jpg,0.0,-1.4573450088500977,1.4573450088500977,-0.47093430161476135,0.47093430161476135
667,E:\桌面\data1\667_-1.5600.jpg,-1.56,-1.5590813159942627,0.000918684005737358,-1.5119444131851196,0.048055586814880424
668,E:\桌面\data1\668_-1.5600.jpg,-1.56,-1.4975080490112305,0.062491950988769585,-1.4776617288589478,0.0823382711410523
669,E:\桌面\data1\669_-1.5600.jpg,-1.56,-1.6710968017578125,0.11109680175781245,-1.3663276433944702,0.19367235660552984
670,E:\桌面\data1\670_-1.5600.jpg,-1.56,-1.5736823081970215,0.013682308197021431,-1.5141489505767822,0.04585104942321783
671,E:\桌面\data1\671_-1.5600.jpg,-1.56,-1.5099430084228516,0.05005699157714849,-1.4888147115707397,0.07118528842926031
672,E:\桌面\data1\672_-1.5600.jpg,-1.56,-1.5880582332611084,0.028058233261108345,-1.5028820037841797,0.057117996215820366
673,E:\桌面\data1\673_-1.5600.jpg,-1.56,-1.5431602001190186,0.0168397998809815,-1.5478507280349731,0.012149271965026909
674,E:\桌面\data1\674_-1.5600.jpg,-1.56,-1.5984182357788086,0.03841823577880854,-1.5467684268951416,0.013231573104858452
675,E:\桌面\data1\675_-1.5600.jpg,-1.56,-1.5676381587982178,0.00763815879821772,-1.524865984916687,0.03513401508331304
676,E:\桌面\data1\676_-1.5600.jpg,-1.56,-1.5639057159423828,0.003905715942382759,-1.5061051845550537,0.05389481544494634
677,E:\桌面\data1\677_0.0000.jpg,0.0,0.3708968460559845,0.3708968460559845,0.10334882140159607,0.10334882140159607
678,E:\桌面\data1\678_-1.5600.jpg,-1.56,-1.5878407955169678,0.02784079551696772,-1.6012152433395386,0.04121524333953852
679,E:\桌面\data1\679_-1.5600.jpg,-1.56,-1.5760078430175781,0.01600784301757807,-1.5459707975387573,0.014029202461242729
680,E:\桌面\data1\680_-1.5600.jpg,-1.56,-1.3521215915679932,0.2078784084320069,-1.3245136737823486,0.23548632621765142
681,E:\桌面\data1\681_-1.5600.jpg,-1.56,-1.580087423324585,0.020087423324584908,-1.5525017976760864,0.0074982023239136275
682,E:\桌面\data1\682_-1.5600.jpg,-1.56,-1.561337947845459,0.001337947845458931,-1.479445219039917,0.08055478096008306
683,E:\桌面\data1\683_-1.5600.jpg,-1.56,-1.315364122390747,0.24463587760925298,-1.5348989963531494,0.02510100364685064
684,E:\桌面\data1\684_-1.5600.jpg,-1.56,-1.5830872058868408,0.023087205886840767,-1.5305213928222656,0.02947860717773443
685,E:\桌面\data1\685_-1.5600.jpg,-1.56,-1.5666108131408691,0.006610813140869087,-1.5417627096176147,0.018237290382385307
686,E:\桌面\data1\686_-1.5600.jpg,-1.56,-1.5078504085540771,0.052149591445922905,-1.6012462377548218,0.041246237754821724
687,E:\桌面\data1\687_-1.5600.jpg,-1.56,-1.6709976196289062,0.1109976196289062,-1.5195978879928589,0.04040211200714117
688,E:\桌面\data1\688_0.0000.jpg,0.0,-1.5561022758483887,1.5561022758483887,-0.1310553252696991,0.1310553252696991
689,E:\桌面\data1\689_-1.5600.jpg,-1.56,-1.57737135887146,0.017371358871459908,-1.564651370048523,0.004651370048522896
690,E:\桌面\data1\690_-1.5600.jpg,-1.56,-1.5015084743499756,0.05849152565002447,-1.4502990245819092,0.10970097541809087
691,E:\桌面\data1\691_-1.5600.jpg,-1.56,-1.5514135360717773,0.00858646392822271,-1.4623080492019653,0.09769195079803472
692,E:\桌面\data1\692_-1.5600.jpg,-1.56,-0.17551833391189575,1.3844816660881043,-1.4420322179794312,0.1179677820205689
693,E:\桌面\data1\693_-1.5600.jpg,-1.56,-1.556889533996582,0.003110466003418022,-1.515236258506775,0.04476374149322515
694,E:\桌面\data1\694_-1.5600.jpg,-1.56,-1.5772430896759033,0.017243089675903267,-1.4992262125015259,0.060773787498474174
695,E:\桌面\data1\695_-1.5600.jpg,-1.56,-1.562274694442749,0.00227469444274897,-1.5842267274856567,0.024226727485656685
696,E:\桌面\data1\696_-1.5600.jpg,-1.56,-1.679478645324707,0.11947864532470698,-1.4774655103683472,0.08253448963165289
697,E:\桌面\data1\697_-1.5600.jpg,-1.56,-1.5183424949645996,0.041657505035400444,-1.5769551992416382,0.01695519924163813
698,E:\桌面\data1\698_-1.5600.jpg,-1.56,-1.5801572799682617,0.020157279968261665,-1.5579676628112793,0.0020323371887207564
699,E:\桌面\data1\699_0.0000.jpg,0.0,-0.6017657518386841,0.6017657518386841,0.21811744570732117,0.21811744570732117
700,E:\桌面\data1\700_-1.5600.jpg,-1.56,-1.578552007675171,0.018552007675170845,-1.5275002717971802,0.03249972820281988
701,E:\桌面\data1\701_-1.5600.jpg,-1.56,-1.5142500400543213,0.045749959945678764,-1.5046484470367432,0.05535155296325689
702,E:\桌面\data1\702_-1.5600.jpg,-1.56,-1.5271036624908447,0.03289633750915533,-1.5467147827148438,0.013285217285156303
703,E:\桌面\data1\703_-1.5600.jpg,-1.56,-1.5728185176849365,0.01281851768493647,-1.6282767057418823,0.06827670574188227
704,E:\桌面\data1\704_-1.5600.jpg,-1.56,-1.5725133419036865,0.01251334190368647,-1.519493579864502,0.0405064201354981
705,E:\桌面\data1\705_-1.5600.jpg,-1.56,-1.5349268913269043,0.025073108673095756,-1.2624527215957642,0.2975472784042359
706,E:\桌面\data1\706_-1.5600.jpg,-1.56,-1.8004660606384277,0.24046606063842768,-1.4627951383590698,0.09720486164093023
707,E:\桌面\data1\707_-1.5600.jpg,-1.56,-1.6590790748596191,0.09907907485961909,-1.454900860786438,0.10509913921356207
708,E:\桌面\data1\708_-1.5600.jpg,-1.56,-1.2469139099121094,0.3130860900878907,-1.3107103109359741,0.24928968906402593
709,E:\桌面\data1\709_-1.5600.jpg,-1.56,-1.3329005241394043,0.22709947586059576,-1.4317301511764526,0.12826984882354742
710,E:\桌面\data1\710_0.0000.jpg,0.0,-0.21530184149742126,0.21530184149742126,0.004864782094955444,0.004864782094955444
711,E:\桌面\data1\711_-1.5600.jpg,-1.56,-1.0075972080230713,0.5524027919769288,-0.6531563997268677,0.9068436002731324
712,E:\桌面\data1\712_-1.5600.jpg,-1.56,-0.8103263974189758,0.7496736025810242,-0.9260382652282715,0.6339617347717286
713,E:\桌面\data1\713_0.0000.jpg,0.0,-0.4148786664009094,0.4148786664009094,0.09658434987068176,0.09658434987068176
714,E:\桌面\data1\714_0.0000.jpg,0.0,-0.3748103380203247,0.3748103380203247,-0.16383934020996094,0.16383934020996094
715,E:\桌面\data1\715_0.0000.jpg,0.0,0.10066530853509903,0.10066530853509903,-0.11240503191947937,0.11240503191947937
716,E:\桌面\data1\716_0.0000.jpg,0.0,-0.0661713182926178,0.0661713182926178,-0.043001145124435425,0.043001145124435425
717,E:\桌面\data1\717_0.0000.jpg,0.0,-0.23935425281524658,0.23935425281524658,-0.07663747668266296,0.07663747668266296
718,E:\桌面\data1\718_0.0000.jpg,0.0,-0.21238946914672852,0.21238946914672852,-0.1829775869846344,0.1829775869846344
719,E:\桌面\data1\719_0.0000.jpg,0.0,-0.09171576797962189,0.09171576797962189,-0.08748653531074524,0.08748653531074524
720,E:\桌面\data1\720_0.0000.jpg,0.0,-0.07926876842975616,0.07926876842975616,0.038960471749305725,0.038960471749305725
721,E:\桌面\data1\721_0.0000.jpg,0.0,-0.8756038546562195,0.8756038546562195,-0.45937082171440125,0.45937082171440125
722,E:\桌面\data1\722_0.0000.jpg,0.0,0.17486652731895447,0.17486652731895447,-0.0038315951824188232,0.0038315951824188232
723,E:\桌面\data1\723_0.0000.jpg,0.0,-0.294871985912323,0.294871985912323,0.3641712963581085,0.3641712963581085
724,E:\桌面\data1\724_0.0000.jpg,0.0,-0.4332890510559082,0.4332890510559082,-0.31731662154197693,0.31731662154197693
725,E:\桌面\data1\725_0.0000.jpg,0.0,-0.26760491728782654,0.26760491728782654,-0.013736099004745483,0.013736099004745483
726,E:\桌面\data1\726_0.0000.jpg,0.0,-0.07777349650859833,0.07777349650859833,0.1659184992313385,0.1659184992313385
727,E:\桌面\data1\727_0.0000.jpg,0.0,0.04144592583179474,0.04144592583179474,0.39933547377586365,0.39933547377586365
728,E:\桌面\data1\728_0.0000.jpg,0.0,-0.023058265447616577,0.023058265447616577,-0.03758925199508667,0.03758925199508667
729,E:\桌面\data1\729_0.0000.jpg,0.0,-0.25519490242004395,0.25519490242004395,0.04854542016983032,0.04854542016983032
730,E:\桌面\data1\730_0.0000.jpg,0.0,-0.1159166693687439,0.1159166693687439,-0.029128044843673706,0.029128044843673706
731,E:\桌面\data1\731_0.0000.jpg,0.0,0.05173002928495407,0.05173002928495407,-0.32622846961021423,0.32622846961021423
732,E:\桌面\data1\732_-1.6000.jpg,-1.6,-1.4099452495574951,0.19005475044250497,-1.1540497541427612,0.44595024585723886
733,E:\桌面\data1\733_0.0000.jpg,0.0,-0.2125013768672943,0.2125013768672943,0.32920047640800476,0.32920047640800476
734,E:\桌面\data1\734_-1.6000.jpg,-1.6,-0.647303581237793,0.9526964187622071,-0.8254944086074829,0.7745055913925172
735,E:\桌面\data1\735_-1.6000.jpg,-1.6,-1.6379766464233398,0.037976646423339755,-1.7192484140396118,0.11924841403961173
736,E:\桌面\data1\736_-1.6000.jpg,-1.6,-1.5806045532226562,0.01939544677734384,-1.6247488260269165,0.024748826026916415
737,E:\桌面\data1\737_0.0000.jpg,0.0,0.10186831653118134,0.10186831653118134,0.10811948776245117,0.10811948776245117
738,E:\桌面\data1\738_-1.6000.jpg,-1.6,-1.5871093273162842,0.012890672683715909,-1.5321112871170044,0.0678887128829957
739,E:\桌面\data1\739_-1.6000.jpg,-1.6,-1.479921579360962,0.12007842063903817,-1.5986348390579224,0.0013651609420777255
740,E:\桌面\data1\740_-1.6000.jpg,-1.6,-1.193784475326538,0.406215524673462,-1.549098014831543,0.05090198516845712
741,E:\桌面\data1\741_-1.6000.jpg,-1.6,-1.5975432395935059,0.0024567604064942294,-1.62007474899292,0.020074748992919833
742,E:\桌面\data1\742_-1.6000.jpg,-1.6,-1.560497522354126,0.03950247764587411,-1.5822820663452148,0.017717933654785245
743,E:\桌面\data1\743_-1.6000.jpg,-1.6,-1.2891039848327637,0.3108960151672364,-1.4994596242904663,0.10054037570953378
744,E:\桌面\data1\744_-1.6000.jpg,-1.6,-1.5754387378692627,0.024561262130737394,-1.588244080543518,0.011755919456482022
745,E:\桌面\data1\745_-1.6000.jpg,-1.6,-1.6089200973510742,0.00892009735107413,-1.5804510116577148,0.019548988342285245
746,E:\桌面\data1\746_-1.6000.jpg,-1.6,-1.568312168121338,0.0316878318786622,-1.6143850088119507,0.014385008811950595
747,E:\桌面\data1\747_-1.6000.jpg,-1.6,-1.584071159362793,0.01592884063720712,-1.5831940174102783,0.01680598258972177
748,E:\桌面\data1\748_0.0000.jpg,0.0,0.27365049719810486,0.27365049719810486,0.13556738197803497,0.13556738197803497
749,E:\桌面\data1\749_-1.6000.jpg,-1.6,-1.6235156059265137,0.023515605926513583,-1.3137867450714111,0.28621325492858896
750,E:\桌面\data1\750_-1.6000.jpg,-1.6,0.3034655749797821,1.9034655749797822,-1.7059849500656128,0.1059849500656127
751,E:\桌面\data1\751_-1.6000.jpg,-1.6,-1.4970512390136719,0.10294876098632821,-1.4352545738220215,0.1647454261779786
752,E:\桌面\data1\752_-1.6000.jpg,-1.6,-1.589940071105957,0.010059928894043058,-1.3690996170043945,0.23090038299560556
753,E:\桌面\data1\753_-1.6000.jpg,-1.6,-1.6304521560668945,0.030452156066894442,-1.2734010219573975,0.32659897804260263
754,E:\桌面\data1\754_-1.6000.jpg,-1.6,-1.572633981704712,0.027366018295288175,-1.5667729377746582,0.033227062225341886
755,E:\桌面\data1\755_-1.6000.jpg,-1.6,-1.63260817527771,0.03260817527770987,-1.6664456129074097,0.06644561290740958
756,E:\桌面\data1\756_-1.6000.jpg,-1.6,-0.8685690760612488,0.7314309239387513,-1.5457980632781982,0.05420193672180185
757,E:\桌面\data1\757_-1.6000.jpg,-1.6,-1.6604278087615967,0.06042780876159659,-1.5077241659164429,0.09227583408355722
758,E:\桌面\data1\758_-1.6000.jpg,-1.6,-1.5437448024749756,0.0562551975250245,-1.5693360567092896,0.030663943290710538
759,E:\桌面\data1\759_0.0000.jpg,0.0,0.11037671566009521,0.11037671566009521,-0.1836920976638794,0.1836920976638794
760,E:\桌面\data1\760_-1.6000.jpg,-1.6,-1.463719129562378,0.13628087043762216,-1.6458021402359009,0.04580214023590079
761,E:\桌面\data1\761_-1.6000.jpg,-1.6,-1.0956652164459229,0.5043347835540772,-1.305334210395813,0.2946657896041871
762,E:\桌面\data1\762_-1.6000.jpg,-1.6,-0.7619050145149231,0.838094985485077,-1.0189443826675415,0.5810556173324586
763,E:\桌面\data1\763_0.0000.jpg,0.0,-0.611224353313446,0.611224353313446,-1.1584848165512085,1.1584848165512085
764,E:\桌面\data1\764_0.0000.jpg,0.0,-0.1516316533088684,0.1516316533088684,0.08875542879104614,0.08875542879104614
765,E:\桌面\data1\765_0.0000.jpg,0.0,-0.08082589507102966,0.08082589507102966,0.17349418997764587,0.17349418997764587
766,E:\桌面\data1\766_0.0000.jpg,0.0,-0.06248226761817932,0.06248226761817932,-0.028914183378219604,0.028914183378219604
767,E:\桌面\data1\767_0.0000.jpg,0.0,0.2582431435585022,0.2582431435585022,-0.20269322395324707,0.20269322395324707
768,E:\桌面\data1\768_0.0000.jpg,0.0,-0.12400764226913452,0.12400764226913452,-0.09371310472488403,0.09371310472488403
769,E:\桌面\data1\769_0.0000.jpg,0.0,0.13043271005153656,0.13043271005153656,0.003021329641342163,0.003021329641342163
770,E:\桌面\data1\770_0.0000.jpg,0.0,0.2378988415002823,0.2378988415002823,-0.03531870245933533,0.03531870245933533
771,E:\桌面\data1\771_0.0000.jpg,0.0,0.028761975467205048,0.028761975467205048,0.1630876064300537,0.1630876064300537
772,E:\桌面\data1\772_0.0000.jpg,0.0,-0.4137811064720154,0.4137811064720154,0.05978113412857056,0.05978113412857056
773,E:\桌面\data1\773_0.0000.jpg,0.0,0.10136059671640396,0.10136059671640396,0.08491089940071106,0.08491089940071106
774,E:\桌面\data1\774_0.0000.jpg,0.0,-0.22675016522407532,0.22675016522407532,0.08952277898788452,0.08952277898788452
775,E:\桌面\data1\775_0.0000.jpg,0.0,-0.331198513507843,0.331198513507843,-0.12724918127059937,0.12724918127059937
776,E:\桌面\data1\776_0.0000.jpg,0.0,-0.31556713581085205,0.31556713581085205,0.12032227218151093,0.12032227218151093
777,E:\桌面\data1\777_0.0000.jpg,0.0,-0.20993837714195251,0.20993837714195251,-0.03575506806373596,0.03575506806373596
778,E:\桌面\data1\778_0.0000.jpg,0.0,-0.11731436848640442,0.11731436848640442,0.01540413498878479,0.01540413498878479
779,E:\桌面\data1\779_0.0000.jpg,0.0,-0.6573358178138733,0.6573358178138733,-0.027989119291305542,0.027989119291305542
780,E:\桌面\data1\780_0.0000.jpg,0.0,0.4577981233596802,0.4577981233596802,0.1398104429244995,0.1398104429244995
781,E:\桌面\data1\781_0.0000.jpg,0.0,0.13013756275177002,0.13013756275177002,0.13146808743476868,0.13146808743476868
782,E:\桌面\data1\782_0.0000.jpg,0.0,0.010079115629196167,0.010079115629196167,-0.5756356716156006,0.5756356716156006
783,E:\桌面\data1\783_0.0000.jpg,0.0,-1.1824853420257568,1.1824853420257568,-0.5049699544906616,0.5049699544906616
784,E:\桌面\data1\784_0.0000.jpg,0.0,-0.540659487247467,0.540659487247467,-0.34729936718940735,0.34729936718940735
785,E:\桌面\data1\785_-1.5000.jpg,-1.5,-1.4704606533050537,0.02953934669494629,-1.3404574394226074,0.15954256057739258
786,E:\桌面\data1\786_-1.5000.jpg,-1.5,0.9088619947433472,2.408861994743347,-1.4555617570877075,0.04443824291229248
787,E:\桌面\data1\787_-1.5000.jpg,-1.5,-0.6479288935661316,0.8520711064338684,-1.3675748109817505,0.1324251890182495
788,E:\桌面\data1\788_-1.5000.jpg,-1.5,-1.3053860664367676,0.19461393356323242,-1.26569664478302,0.23430335521697998
789,E:\桌面\data1\789_-1.5000.jpg,-1.5,-0.8462328910827637,0.6537671089172363,-1.268039345741272,0.23196065425872803
790,E:\桌面\data1\790_-1.5000.jpg,-1.5,-1.3539237976074219,0.14607620239257812,-1.5488566160202026,0.04885661602020264
791,E:\桌面\data1\791_-1.5000.jpg,-1.5,-1.4888639450073242,0.011136054992675781,-1.4567447900772095,0.04325520992279053
792,E:\桌面\data1\792_0.0000.jpg,0.0,0.41405099630355835,0.41405099630355835,-0.4487511217594147,0.4487511217594147
793,E:\桌面\data1\793_-1.5000.jpg,-1.5,-1.5759363174438477,0.07593631744384766,-1.4167925119400024,0.08320748805999756
794,E:\桌面\data1\794_-1.5000.jpg,-1.5,-1.4063873291015625,0.0936126708984375,-1.391616702079773,0.10838329792022705
795,E:\桌面\data1\795_-1.5000.jpg,-1.5,-1.4892418384552002,0.010758161544799805,-1.4007728099822998,0.0992271900177002
796,E:\桌面\data1\796_-1.5000.jpg,-1.5,-1.5356700420379639,0.03567004203796387,-1.4106215238571167,0.0893784761428833
797,E:\桌面\data1\797_-1.5000.jpg,-1.5,-1.6178438663482666,0.1178438663482666,-1.4888051748275757,0.011194825172424316
798,E:\桌面\data1\798_-1.5000.jpg,-1.5,-1.5756278038024902,0.07562780380249023,-1.1873005628585815,0.31269943714141846
799,E:\桌面\data1\799_-1.5000.jpg,-1.5,-1.5520884990692139,0.05208849906921387,-1.2985235452651978,0.20147645473480225
800,E:\桌面\data1\800_-1.5000.jpg,-1.5,-1.5239644050598145,0.023964405059814453,-1.4147471189498901,0.08525288105010986
801,E:\桌面\data1\801_-1.5000.jpg,-1.5,0.9358809590339661,2.435880959033966,-1.5357093811035156,0.035709381103515625
802,E:\桌面\data1\802_-1.5000.jpg,-1.5,-1.5224318504333496,0.02243185043334961,-1.4278544187545776,0.07214558124542236
803,E:\桌面\data1\803_0.0000.jpg,0.0,0.06489089131355286,0.06489089131355286,-0.02870500087738037,0.02870500087738037
804,E:\桌面\data1\804_-1.5000.jpg,-1.5,-1.5877869129180908,0.08778691291809082,-1.473829984664917,0.026170015335083008
805,E:\桌面\data1\805_-1.5000.jpg,-1.5,-1.6050350666046143,0.10503506660461426,-1.5169036388397217,0.01690363883972168
806,E:\桌面\data1\806_-1.5000.jpg,-1.5,-1.4789855480194092,0.02101445198059082,-1.2901517152786255,0.2098482847213745
807,E:\桌面\data1\807_-1.5000.jpg,-1.5,-1.4592349529266357,0.04076504707336426,-1.5437599420547485,0.043759942054748535
808,E:\桌面\data1\808_-1.5000.jpg,-1.5,-1.4641883373260498,0.035811662673950195,-1.6319156885147095,0.13191568851470947
809,E:\桌面\data1\809_-1.5000.jpg,-1.5,-1.4516897201538086,0.048310279846191406,-1.425735592842102,0.07426440715789795
810,E:\桌面\data1\810_-1.5000.jpg,-1.5,-1.5522725582122803,0.05227255821228027,-1.400311827659607,0.09968817234039307
811,E:\桌面\data1\811_-1.5000.jpg,-1.5,-1.4462413787841797,0.05375862121582031,-1.469314455986023,0.03068554401397705
812,E:\桌面\data1\812_-1.5000.jpg,-1.5,-1.4767177104949951,0.023282289505004883,-1.3973904848098755,0.10260951519012451
813,E:\桌面\data1\813_-1.5000.jpg,-1.5,-1.5056211948394775,0.005621194839477539,-1.4661229848861694,0.033877015113830566
814,E:\桌面\data1\814_0.0000.jpg,0.0,-0.09086260199546814,0.09086260199546814,-0.14117586612701416,0.14117586612701416
815,E:\桌面\data1\815_-1.5000.jpg,-1.5,-1.5395584106445312,0.03955841064453125,-1.4471393823623657,0.05286061763763428
816,E:\桌面\data1\816_-1.5000.jpg,-1.5,-1.0907363891601562,0.40926361083984375,-1.5466207265853882,0.046620726585388184
817,E:\桌面\data1\817_-1.5000.jpg,-1.5,-1.2715859413146973,0.22841405868530273,-1.4220473766326904,0.07795262336730957
818,E:\桌面\data1\818_-1.5000.jpg,-1.5,-1.4332473278045654,0.06675267219543457,-1.4069253206253052,0.09307467937469482
819,E:\桌面\data1\819_-1.5000.jpg,-1.5,-1.491180419921875,0.008819580078125,-1.5299015045166016,0.029901504516601562
820,E:\桌面\data1\820_-1.5000.jpg,-1.5,-1.4323830604553223,0.06761693954467773,-1.473904013633728,0.026095986366271973
821,E:\桌面\data1\821_-1.5000.jpg,-1.5,-1.0405516624450684,0.45944833755493164,-1.4835506677627563,0.016449332237243652
822,E:\桌面\data1\822_-1.5000.jpg,-1.5,-1.5001769065856934,0.00017690658569335938,-1.5177720785140991,0.01777207851409912
823,E:\桌面\data1\823_-1.5000.jpg,-1.5,-1.4953045845031738,0.004695415496826172,-1.5515378713607788,0.05153787136077881
824,E:\桌面\data1\824_-1.5000.jpg,-1.5,-1.5632555484771729,0.06325554847717285,-1.4833449125289917,0.0166550874710083
825,E:\桌面\data1\825_0.0000.jpg,0.0,0.022899359464645386,0.022899359464645386,-0.02648356556892395,0.02648356556892395
826,E:\桌面\data1\826_0.0000.jpg,0.0,0.08918624371290207,0.08918624371290207,-0.0752616822719574,0.0752616822719574
827,E:\桌面\data1\827_-1.5000.jpg,-1.5,-1.5342278480529785,0.034227848052978516,-1.456024408340454,0.0439755916595459
828,E:\桌面\data1\828_-1.5000.jpg,-1.5,-1.5111331939697266,0.011133193969726562,-1.4514824151992798,0.048517584800720215
829,E:\桌面\data1\829_-1.5000.jpg,-1.5,-1.5725672245025635,0.07256722450256348,-1.4155575037002563,0.08444249629974365
830,E:\桌面\data1\830_-1.5000.jpg,-1.5,-1.4591577053070068,0.040842294692993164,-1.3743700981140137,0.12562990188598633
831,E:\桌面\data1\831_-1.5000.jpg,-1.5,-1.4457132816314697,0.05428671836853027,-1.4691094160079956,0.030890583992004395
832,E:\桌面\data1\832_-1.5000.jpg,-1.5,-1.5506048202514648,0.050604820251464844,-1.473649024963379,0.026350975036621094
833,E:\桌面\data1\833_-1.5000.jpg,-1.5,-1.5682108402252197,0.06821084022521973,-1.4818949699401855,0.018105030059814453
834,E:\桌面\data1\834_-1.5000.jpg,-1.5,-1.5534782409667969,0.053478240966796875,-1.5010583400726318,0.001058340072631836
835,E:\桌面\data1\835_-1.5000.jpg,-1.5,-1.542229175567627,0.04222917556762695,-1.5067689418792725,0.006768941879272461
836,E:\桌面\data1\836_-1.5000.jpg,-1.5,-1.5160176753997803,0.016017675399780273,-1.5037997961044312,0.0037997961044311523
837,E:\桌面\data1\837_0.0000.jpg,0.0,-0.31632328033447266,0.31632328033447266,-0.08204048871994019,0.08204048871994019
838,E:\桌面\data1\838_-1.5600.jpg,-1.56,-1.523944616317749,0.03605538368225103,-1.5391846895217896,0.020815310478210503
839,E:\桌面\data1\839_-1.5600.jpg,-1.56,-1.2837672233581543,0.27623277664184576,-1.5321922302246094,0.02780776977539068
840,E:\桌面\data1\840_-1.5600.jpg,-1.56,-1.570862054824829,0.010862054824829048,-1.5046137571334839,0.05538624286651617
841,E:\桌面\data1\841_-1.5600.jpg,-1.56,-1.4929521083831787,0.06704789161682134,-1.5748792886734009,0.014879288673400826
842,E:\桌面\data1\842_-1.5600.jpg,-1.56,-1.5522551536560059,0.007744846343994194,-1.5587494373321533,0.001250562667846733
843,E:\桌面\data1\843_-1.5600.jpg,-1.56,-1.5508127212524414,0.009187278747558647,-1.6197973489761353,0.0597973489761352
844,E:\桌面\data1\844_-1.5600.jpg,-1.56,-1.594252586364746,0.03425258636474604,-1.5280870199203491,0.03191298007965093
845,E:\桌面\data1\845_-1.5600.jpg,-1.56,-1.6025886535644531,0.04258865356445307,-1.5555219650268555,0.0044780349731445845
846,E:\桌面\data1\846_-1.5600.jpg,-1.56,-1.5468330383300781,0.013166961669921928,-1.4381870031356812,0.1218129968643189
847,E:\桌面\data1\847_-1.5600.jpg,-1.56,-1.5740904808044434,0.014090480804443306,-1.6218804121017456,0.06188041210174555
848,E:\桌面\data1\848_0.0000.jpg,0.0,-0.6439562439918518,0.6439562439918518,-0.036533087491989136,0.036533087491989136
849,E:\桌面\data1\849_-1.5600.jpg,-1.56,-1.5320425033569336,0.02795749664306646,-1.4991960525512695,0.06080394744873052
850,E:\桌面\data1\850_-1.5600.jpg,-1.56,-1.5569517612457275,0.0030482387542725142,-1.4915286302566528,0.06847136974334722
851,E:\桌面\data1\851_-1.5600.jpg,-1.56,-1.6278505325317383,0.06785053253173823,-1.5351405143737793,0.024859485626220756
852,E:\桌面\data1\852_-1.5600.jpg,-1.56,-1.6042766571044922,0.044276657104492134,-1.4325381517410278,0.12746184825897222
853,E:\桌面\data1\853_-1.5600.jpg,-1.56,-1.6127772331237793,0.052777233123779244,-1.2749576568603516,0.2850423431396485
854,E:\桌面\data1\854_-1.5600.jpg,-1.56,-1.546661138534546,0.013338861465454155,-1.5586934089660645,0.0013065910339356002
855,E:\桌面\data1\855_-1.5600.jpg,-1.56,-1.300447940826416,0.25955205917358404,-1.4919599294662476,0.0680400705337525
856,E:\桌面\data1\856_-1.5600.jpg,-1.56,-1.732517957687378,0.17251795768737788,-1.498863697052002,0.0611363029479981
857,E:\桌面\data1\857_-1.5600.jpg,-1.56,-1.5275607109069824,0.03243928909301763,-1.5588701963424683,0.0011298036575317916
858,E:\桌面\data1\858_-1.5600.jpg,-1.56,-1.5610389709472656,0.0010389709472655717,-1.584771752357483,0.024771752357482857
859,E:\桌面\data1\859_0.0000.jpg,0.0,-0.10404247045516968,0.10404247045516968,0.1983921229839325,0.1983921229839325
860,E:\桌面\data1\860_-1.5600.jpg,-1.56,-1.2427420616149902,0.3172579383850098,-1.473379135131836,0.08662086486816412
861,E:\桌面\data1\861_-1.5600.jpg,-1.56,-1.570742130279541,0.010742130279540962,-1.5579851865768433,0.0020148134231567916
862,E:\桌面\data1\862_-1.5600.jpg,-1.56,-1.539456844329834,0.02054315567016607,-1.5786014795303345,0.01860147953033442
863,E:\桌面\data1\863_-1.5600.jpg,-1.56,-1.5833561420440674,0.02335614204406733,-1.5959385633468628,0.03593856334686274
864,E:\桌面\data1\864_-1.5600.jpg,-1.56,-1.5817716121673584,0.021771612167358345,-1.588207721710205,0.028207721710205025
865,E:\桌面\data1\865_-1.5600.jpg,-1.56,-1.5624284744262695,0.002428474426269478,-1.5966836214065552,0.03668362140655512
866,E:\桌面\data1\866_-1.5600.jpg,-1.56,-1.4754507541656494,0.08454924583435064,-1.5366982221603394,0.023301777839660698
867,E:\桌面\data1\867_-1.5600.jpg,-1.56,-1.540053129196167,0.01994687080383306,-1.4887319803237915,0.07126801967620855
868,E:\桌面\data1\868_-1.5600.jpg,-1.56,-1.7079684734344482,0.1479684734344482,-1.4793163537979126,0.08068364620208746
869,E:\桌面\data1\869_-1.5600.jpg,-1.56,-1.4585912227630615,0.10140877723693853,-1.57026207447052,0.010262074470519966
870,E:\桌面\data1\870_0.0000.jpg,0.0,-0.060150980949401855,0.060150980949401855,0.037432461977005005,0.037432461977005005
871,E:\桌面\data1\871_-1.5600.jpg,-1.56,-1.6222281455993652,0.06222814559936518,-1.5234133005142212,0.03658669948577886
872,E:\桌面\data1\872_-1.5600.jpg,-1.56,-1.8034999370574951,0.24349993705749506,-1.5639448165893555,0.0039448165893554155
873,E:\桌面\data1\873_-1.5600.jpg,-1.56,-1.573723554611206,0.013723554611206001,-1.484019160270691,0.07598083972930914
874,E:\桌面\data1\874_-1.5600.jpg,-1.56,-1.5390949249267578,0.02090507507324224,-1.498151421546936,0.06184857845306402
875,E:\桌面\data1\875_-1.5600.jpg,-1.56,-1.5970985889434814,0.03709858894348139,-1.3539026975631714,0.20609730243682867
876,E:\桌面\data1\876_-1.5600.jpg,-1.56,-1.5683050155639648,0.00830501556396479,-1.584376335144043,0.024376335144042915
877,E:\桌面\data1\877_-1.5600.jpg,-1.56,-1.6670289039611816,0.10702890396118159,-1.3808714151382446,0.17912858486175542
878,E:\桌面\data1\878_-1.5600.jpg,-1.56,-1.3668148517608643,0.1931851482391358,-0.9933730363845825,0.5666269636154175
879,E:\桌面\data1\879_-1.5600.jpg,-1.56,-1.630971908569336,0.07097190856933588,-1.494914174079895,0.06508582592010503
880,E:\桌面\data1\880_-1.5600.jpg,-1.56,-1.4882333278656006,0.07176667213439947,-1.1827785968780518,0.3772214031219483
881,E:\桌面\data1\881_0.0000.jpg,0.0,0.023131415247917175,0.023131415247917175,0.17613372206687927,0.17613372206687927
882,E:\桌面\data1\882_-1.5600.jpg,-1.56,-1.119624137878418,0.4403758621215821,-1.4075411558151245,0.15245884418487554
883,E:\桌面\data1\883_-1.5600.jpg,-1.56,-0.9343578219413757,0.6256421780586243,-1.6062124967575073,0.04621249675750727
884,E:\桌面\data1\884_-1.5600.jpg,-1.56,-0.6354535222053528,0.9245464777946473,-1.4013850688934326,0.15861493110656744
885,E:\桌面\data1\885_-1.5600.jpg,-1.56,-0.20768743753433228,1.3523125624656678,-0.4892258942127228,1.0707741057872773
886,E:\桌面\data1\886_0.0000.jpg,0.0,-0.13185453414916992,0.13185453414916992,0.005887538194656372,0.005887538194656372
887,E:\桌面\data1\887_0.0000.jpg,0.0,0.16289936006069183,0.16289936006069183,-0.015126436948776245,0.015126436948776245
888,E:\桌面\data1\888_0.0000.jpg,0.0,-0.07251635193824768,0.07251635193824768,0.004923015832901001,0.004923015832901001
889,E:\桌面\data1\889_0.0000.jpg,0.0,-0.3730641007423401,0.3730641007423401,0.12439772486686707,0.12439772486686707
890,E:\桌面\data1\890_0.0000.jpg,0.0,-0.10507115721702576,0.10507115721702576,-0.019938558340072632,0.019938558340072632
891,E:\桌面\data1\891_0.0000.jpg,0.0,-0.13876217603683472,0.13876217603683472,-0.13922721147537231,0.13922721147537231
892,E:\桌面\data1\892_0.0000.jpg,0.0,-0.28527599573135376,0.28527599573135376,-0.358885258436203,0.358885258436203
893,E:\桌面\data1\893_0.0000.jpg,0.0,0.03418120741844177,0.03418120741844177,-0.34124770760536194,0.34124770760536194
894,E:\桌面\data1\894_0.0000.jpg,0.0,-0.04108463227748871,0.04108463227748871,0.0658823549747467,0.0658823549747467
895,E:\桌面\data1\895_0.0000.jpg,0.0,-0.036897242069244385,0.036897242069244385,-0.07045283913612366,0.07045283913612366
896,E:\桌面\data1\896_0.0000.jpg,0.0,-0.4964313507080078,0.4964313507080078,0.37111350893974304,0.37111350893974304
897,E:\桌面\data1\897_0.0000.jpg,0.0,0.06612884998321533,0.06612884998321533,0.027922093868255615,0.027922093868255615
898,E:\桌面\data1\898_0.0000.jpg,0.0,-0.17884832620620728,0.17884832620620728,0.4078041911125183,0.4078041911125183
899,E:\桌面\data1\899_0.0000.jpg,0.0,-0.11353063583374023,0.11353063583374023,0.25029388070106506,0.25029388070106506
900,E:\桌面\data1\900_0.0000.jpg,0.0,-0.14619964361190796,0.14619964361190796,-0.030648022890090942,0.030648022890090942
901,E:\桌面\data1\901_0.0000.jpg,0.0,0.09626160562038422,0.09626160562038422,0.08641883730888367,0.08641883730888367
902,E:\桌面\data1\902_0.0000.jpg,0.0,-0.30626192688941956,0.30626192688941956,-0.45728030800819397,0.45728030800819397
903,E:\桌面\data1\903_-1.6000.jpg,-1.6,-1.0352694988250732,0.5647305011749268,-0.882552981376648,0.7174470186233521
904,E:\桌面\data1\904_0.0000.jpg,0.0,0.11799576133489609,0.11799576133489609,0.08176544308662415,0.08176544308662415
905,E:\桌面\data1\905_0.0000.jpg,0.0,0.11395325511693954,0.11395325511693954,-0.05375322699546814,0.05375322699546814
906,E:\桌面\data1\906_0.0000.jpg,0.0,0.06776045262813568,0.06776045262813568,0.046373069286346436,0.046373069286346436
907,E:\桌面\data1\907_0.0000.jpg,0.0,0.33418554067611694,0.33418554067611694,0.5334141850471497,0.5334141850471497
908,E:\桌面\data1\908_0.0000.jpg,0.0,-0.008297309279441833,0.008297309279441833,0.07473450899124146,0.07473450899124146
909,E:\桌面\data1\909_-1.6000.jpg,-1.6,-1.1851539611816406,0.41484603881835946,-0.5061830282211304,1.0938169717788697
910,E:\桌面\data1\910_-1.6000.jpg,-1.6,-1.4120492935180664,0.18795070648193368,-1.5810762643814087,0.018923735618591397
911,E:\桌面\data1\911_-1.6000.jpg,-1.6,-1.561476707458496,0.038523292541503995,-1.5292258262634277,0.07077417373657235
912,E:\桌面\data1\912_0.0000.jpg,0.0,-0.15748056769371033,0.15748056769371033,0.003109365701675415,0.003109365701675415
913,E:\桌面\data1\913_-1.6000.jpg,-1.6,-1.1199722290039062,0.48002777099609384,-1.524443507194519,0.07555649280548105
914,E:\桌面\data1\914_-1.6000.jpg,-1.6,-1.5683071613311768,0.03169283866882333,-1.5630236864089966,0.03697631359100351
915,E:\桌面\data1\915_-1.6000.jpg,-1.6,-1.6162807941436768,0.01628079414367667,-1.5637648105621338,0.0362351894378663
916,E:\桌面\data1\916_-1.6000.jpg,-1.6,-1.6360139846801758,0.03601398468017569,-1.5742920637130737,0.02570793628692636
917,E:\桌面\data1\917_-1.6000.jpg,-1.6,-1.4379048347473145,0.16209516525268564,-1.529240608215332,0.07075939178466806
918,E:\桌面\data1\918_-1.6000.jpg,-1.6,-1.1136269569396973,0.4863730430603028,-1.5384894609451294,0.061510539054870694
919,E:\桌面\data1\919_-1.6000.jpg,-1.6,-0.29180026054382324,1.3081997394561768,-1.4411453008651733,0.15885469913482675
920,E:\桌面\data1\920_-1.6000.jpg,-1.6,-1.5138628482818604,0.08613715171813974,-1.5687459707260132,0.031254029273986905
921,E:\桌面\data1\921_-1.6000.jpg,-1.6,-1.6220848560333252,0.022084856033325106,-1.6424058675765991,0.04240586757659903
922,E:\桌面\data1\922_-1.6000.jpg,-1.6,-1.6630241870880127,0.0630241870880126,-1.6382962465286255,0.0382962465286254
923,E:\桌面\data1\923_0.0000.jpg,0.0,0.2358965426683426,0.2358965426683426,0.21099179983139038,0.21099179983139038
924,E:\桌面\data1\924_-1.6000.jpg,-1.6,-1.6620259284973145,0.062025928497314364,-1.7133636474609375,0.11336364746093741
925,E:\桌面\data1\925_-1.6000.jpg,-1.6,-1.6092305183410645,0.009230518341064364,-1.6502221822738647,0.05022218227386466
926,E:\桌面\data1\926_-1.6000.jpg,-1.6,-1.6046314239501953,0.004631423950195224,-1.5063444375991821,0.09365556240081796
927,E:\桌面\data1\927_-1.6000.jpg,-1.6,-1.5740456581115723,0.025954341888427823,-1.558471918106079,0.04152808189392099
928,E:\桌面\data1\928_-1.6000.jpg,-1.6,-1.5722312927246094,0.027768707275390714,-1.5998741388320923,0.00012586116790780366
929,E:\桌面\data1\929_-1.6000.jpg,-1.6,-1.7000715732574463,0.1000715732574462,-1.3332451581954956,0.2667548418045045
930,E:\桌面\data1\930_-1.6000.jpg,-1.6,-1.5608906745910645,0.039109325408935636,0.33077946305274963,1.9307794630527497
931,E:\桌面\data1\931_-1.6000.jpg,-1.6,-1.5122556686401367,0.08774433135986337,-1.3101048469543457,0.2898951530456544
932,E:\桌面\data1\932_-1.6000.jpg,-1.6,-1.242319107055664,0.357680892944336,-1.629612684249878,0.02961268424987784
933,E:\桌面\data1\933_-1.6000.jpg,-1.6,-1.504504680633545,0.09549531936645517,-1.4977612495422363,0.10223875045776376
934,E:\桌面\data1\934_0.0000.jpg,0.0,0.12737444043159485,0.12737444043159485,-0.5427286624908447,0.5427286624908447
935,E:\桌面\data1\935_-1.6000.jpg,-1.6,-1.481661319732666,0.11833868026733407,-0.07685542106628418,1.523144578933716
936,E:\桌面\data1\936_-1.6000.jpg,-1.6,-1.7414801120758057,0.14148011207580558,-1.4399592876434326,0.16004071235656747
937,E:\桌面\data1\937_-1.6000.jpg,-1.6,-1.4469044208526611,0.15309557914733896,-0.6558026075363159,0.9441973924636842
938,E:\桌面\data1\938_0.0000.jpg,0.0,-0.7464706301689148,0.7464706301689148,-0.24000349640846252,0.24000349640846252
939,E:\桌面\data1\939_0.0000.jpg,0.0,-0.3646617531776428,0.3646617531776428,0.3637854754924774,0.3637854754924774
940,E:\桌面\data1\940_0.0000.jpg,0.0,-1.3777828216552734,1.3777828216552734,-0.2019350826740265,0.2019350826740265
941,E:\桌面\data1\941_0.0000.jpg,0.0,-0.23094597458839417,0.23094597458839417,0.23567655682563782,0.23567655682563782
942,E:\桌面\data1\942_0.0000.jpg,0.0,-0.14584043622016907,0.14584043622016907,-0.060264766216278076,0.060264766216278076
943,E:\桌面\data1\943_0.0000.jpg,0.0,-0.011798560619354248,0.011798560619354248,0.2177031934261322,0.2177031934261322
944,E:\桌面\data1\944_0.0000.jpg,0.0,-0.13278895616531372,0.13278895616531372,-0.09953290224075317,0.09953290224075317
945,E:\桌面\data1\945_0.0000.jpg,0.0,0.1294272094964981,0.1294272094964981,-0.12159159779548645,0.12159159779548645
946,E:\桌面\data1\946_0.0000.jpg,0.0,0.030746787786483765,0.030746787786483765,-0.04896944761276245,0.04896944761276245
947,E:\桌面\data1\947_0.0000.jpg,0.0,0.13145947456359863,0.13145947456359863,-0.0007062852382659912,0.0007062852382659912
948,E:\桌面\data1\948_0.0000.jpg,0.0,-0.15842580795288086,0.15842580795288086,0.13781145215034485,0.13781145215034485
949,E:\桌面\data1\949_0.0000.jpg,0.0,-0.13882684707641602,0.13882684707641602,0.1908285915851593,0.1908285915851593
950,E:\桌面\data1\950_0.0000.jpg,0.0,-0.6426352858543396,0.6426352858543396,-0.15190830826759338,0.15190830826759338
951,E:\桌面\data1\951_0.0000.jpg,0.0,0.09630189836025238,0.09630189836025238,-0.11384502053260803,0.11384502053260803
952,E:\桌面\data1\952_0.0000.jpg,0.0,0.07860036194324493,0.07860036194324493,0.011366873979568481,0.011366873979568481
953,E:\桌面\data1\953_0.0000.jpg,0.0,0.30063942074775696,0.30063942074775696,-0.3834722936153412,0.3834722936153412
954,E:\桌面\data1\954_0.0000.jpg,0.0,-0.018530189990997314,0.018530189990997314,0.11038216948509216,0.11038216948509216
955,E:\桌面\data1\955_0.0000.jpg,0.0,0.06518086791038513,0.06518086791038513,0.0790087878704071,0.0790087878704071
956,E:\桌面\data1\956_0.0000.jpg,0.0,0.12702780961990356,0.12702780961990356,-0.060822367668151855,0.060822367668151855
957,E:\桌面\data1\957_0.0000.jpg,0.0,0.3999744653701782,0.3999744653701782,0.00940200686454773,0.00940200686454773
958,E:\桌面\data1\958_0.0000.jpg,0.0,-0.7288597226142883,0.7288597226142883,-0.7091866731643677,0.7091866731643677
959,E:\桌面\data1\959_0.0000.jpg,0.0,-0.7009708285331726,0.7009708285331726,-1.0274962186813354,1.0274962186813354
960,E:\桌面\data1\960_-1.5000.jpg,-1.5,-0.6406605243682861,0.8593394756317139,-1.4502142667770386,0.049785733222961426
961,E:\桌面\data1\961_-1.5000.jpg,-1.5,-0.875567615032196,0.624432384967804,-1.251121163368225,0.2488788366317749
962,E:\桌面\data1\962_-1.5000.jpg,-1.5,-1.0875873565673828,0.4124126434326172,-1.3180785179138184,0.18192148208618164
963,E:\桌面\data1\963_-1.5000.jpg,-1.5,-0.5349255204200745,0.9650744795799255,-1.2404273748397827,0.2595726251602173
964,E:\桌面\data1\964_-1.5000.jpg,-1.5,-1.0006866455078125,0.4993133544921875,-1.5121108293533325,0.01211082935333252
965,E:\桌面\data1\965_-1.5000.jpg,-1.5,-1.3232221603393555,0.17677783966064453,-1.5221844911575317,0.02218449115753174
966,E:\桌面\data1\966_-1.5000.jpg,-1.5,-1.446275234222412,0.05372476577758789,-1.6174930334091187,0.11749303340911865
967,E:\桌面\data1\967_0.0000.jpg,0.0,-0.1451432704925537,0.1451432704925537,-0.9210898876190186,0.9210898876190186
968,E:\桌面\data1\968_-1.5000.jpg,-1.5,-0.8154047727584839,0.6845952272415161,-1.3462624549865723,0.15373754501342773
969,E:\桌面\data1\969_-1.5000.jpg,-1.5,-1.4966650009155273,0.0033349990844726562,-1.3797225952148438,0.12027740478515625
970,E:\桌面\data1\970_-1.5000.jpg,-1.5,-1.4934027194976807,0.006597280502319336,-1.3912312984466553,0.10876870155334473
971,E:\桌面\data1\971_-1.5000.jpg,-1.5,-1.599276065826416,0.09927606582641602,-1.3567755222320557,0.14322447776794434
972,E:\桌面\data1\972_-1.5000.jpg,-1.5,-1.4986803531646729,0.0013196468353271484,-1.3027293682098389,0.19727063179016113
973,E:\桌面\data1\973_-1.5000.jpg,-1.5,-1.5473458766937256,0.047345876693725586,-1.4107693433761597,0.08923065662384033
974,E:\桌面\data1\974_-1.5000.jpg,-1.5,-1.5098819732666016,0.009881973266601562,-1.4269227981567383,0.07307720184326172
975,E:\桌面\data1\975_-1.5000.jpg,-1.5,-1.565028190612793,0.06502819061279297,-1.4780553579330444,0.021944642066955566
976,E:\桌面\data1\976_-1.5000.jpg,-1.5,-1.5726287364959717,0.07262873649597168,-1.2812408208847046,0.2187591791152954
977,E:\桌面\data1\977_-1.5000.jpg,-1.5,-1.5424492359161377,0.042449235916137695,-1.3652057647705078,0.1347942352294922
978,E:\桌面\data1\978_0.0000.jpg,0.0,0.21737439930438995,0.21737439930438995,0.03465057909488678,0.03465057909488678
979,E:\桌面\data1\979_-1.5000.jpg,-1.5,-1.3194172382354736,0.18058276176452637,0.3487202525138855,1.8487202525138855
980,E:\桌面\data1\980_-1.5000.jpg,-1.5,-1.4926867485046387,0.007313251495361328,-1.4398062229156494,0.060193777084350586
981,E:\桌面\data1\981_-1.5000.jpg,-1.5,-1.5163228511810303,0.016322851181030273,-1.4177507162094116,0.08224928379058838
982,E:\桌面\data1\982_-1.5000.jpg,-1.5,-1.4537458419799805,0.04625415802001953,-1.322993516921997,0.17700648307800293
983,E:\桌面\data1\983_-1.5000.jpg,-1.5,-1.56557297706604,0.06557297706604004,-1.13702392578125,0.36297607421875
984,E:\桌面\data1\984_-1.5000.jpg,-1.5,-1.5152957439422607,0.015295743942260742,-1.4088038206100464,0.09119617938995361
985,E:\桌面\data1\985_-1.5000.jpg,-1.5,-1.4542615413665771,0.04573845863342285,-1.4072003364562988,0.09279966354370117
986,E:\桌面\data1\986_-1.5000.jpg,-1.5,-1.4861924648284912,0.013807535171508789,-1.4071532487869263,0.09284675121307373
987,E:\桌面\data1\987_-1.5000.jpg,-1.5,-1.538301706314087,0.038301706314086914,-1.3565541505813599,0.14344584941864014
988,E:\桌面\data1\988_-1.5000.jpg,-1.5,-1.4621315002441406,0.037868499755859375,-1.361769199371338,0.1382308006286621
989,E:\桌面\data1\989_0.0000.jpg,0.0,-0.2749592661857605,0.2749592661857605,-0.034493595361709595,0.034493595361709595
990,E:\桌面\data1\990_-1.5000.jpg,-1.5,-1.4498956203460693,0.050104379653930664,-1.4096746444702148,0.09032535552978516
991,E:\桌面\data1\991_-1.5000.jpg,-1.5,-1.5196754932403564,0.019675493240356445,-1.4038032293319702,0.09619677066802979
992,E:\桌面\data1\992_-1.5000.jpg,-1.5,-1.4946272373199463,0.005372762680053711,-1.4509797096252441,0.04902029037475586
993,E:\桌面\data1\993_-1.5000.jpg,-1.5,-1.52608323097229,0.02608323097229004,-1.4556435346603394,0.044356465339660645
994,E:\桌面\data1\994_-1.5000.jpg,-1.5,-1.5340914726257324,0.03409147262573242,-1.5171806812286377,0.017180681228637695
995,E:\桌面\data1\995_-1.5000.jpg,-1.5,-1.080362319946289,0.41963768005371094,-1.4906295537948608,0.00937044620513916
996,E:\桌面\data1\996_-1.5000.jpg,-1.5,-1.509976863861084,0.009976863861083984,-1.4723466634750366,0.02765333652496338
997,E:\桌面\data1\997_-1.5000.jpg,-1.5,-1.403613805770874,0.09638619422912598,-1.0677051544189453,0.4322948455810547
998,E:\桌面\data1\998_-1.5000.jpg,-1.5,-1.343193531036377,0.15680646896362305,-1.4586673974990845,0.04133260250091553
999,E:\桌面\data1\999_-1.5000.jpg,-1.5,-1.5116052627563477,0.011605262756347656,-1.436780333518982,0.06321966648101807
1000,E:\桌面\data1\1000_0.0000.jpg,0.0,-0.7121096849441528,0.7121096849441528,-0.43914762139320374,0.43914762139320374
1001,E:\桌面\data1\1001_0.0000.jpg,0.0,-0.678337037563324,0.678337037563324,-0.14141413569450378,0.14141413569450378
1002,E:\桌面\data1\1002_-1.5000.jpg,-1.5,-1.7006924152374268,0.20069241523742676,-1.4834985733032227,0.016501426696777344
1003,E:\桌面\data1\1003_-1.5000.jpg,-1.5,-1.581125020980835,0.08112502098083496,-1.5700080394744873,0.0700080394744873
1004,E:\桌面\data1\1004_-1.5000.jpg,-1.5,-1.457618236541748,0.04238176345825195,-1.4692169427871704,0.03078305721282959
1005,E:\桌面\data1\1005_-1.5000.jpg,-1.5,-1.5778722763061523,0.07787227630615234,-1.5251306295394897,0.025130629539489746
1006,E:\桌面\data1\1006_-1.5000.jpg,-1.5,-1.517690896987915,0.01769089698791504,-1.3123732805252075,0.18762671947479248
1007,E:\桌面\data1\1007_-1.5000.jpg,-1.5,-1.5893549919128418,0.0893549919128418,-1.572642207145691,0.07264220714569092
1008,E:\桌面\data1\1008_-1.5000.jpg,-1.5,-1.289536476135254,0.2104635238647461,-1.51152503490448,0.01152503490447998
1009,E:\桌面\data1\1009_-1.5000.jpg,-1.5,-0.869452178478241,0.630547821521759,-1.572701334953308,0.0727013349533081
1010,E:\桌面\data1\1010_-1.5000.jpg,-1.5,-0.3298363983631134,1.1701636016368866,1.6311954259872437,3.1311954259872437
1011,E:\桌面\data1\1011_1.6400.jpg,1.64,1.610090732574463,0.02990926742553701,1.6789461374282837,0.03894613742828379
1012,E:\桌面\data1\1012_-1.5000.jpg,-1.5,-0.48255032300949097,1.017449676990509,-1.0172163248062134,0.4827836751937866
1013,E:\桌面\data1\1013_1.6400.jpg,1.64,0.9784355759620667,0.6615644240379333,1.0605591535568237,0.5794408464431762
1014,E:\桌面\data1\1014_1.6400.jpg,1.64,1.6135904788970947,0.026409521102905176,1.7063671350479126,0.0663671350479127
1015,E:\桌面\data1\1015_1.6400.jpg,1.64,1.622631549835205,0.017368450164794824,1.5816816091537476,0.058318390846252344
1016,E:\桌面\data1\1016_1.6400.jpg,1.64,1.4475054740905762,0.19249452590942373,1.0343453884124756,0.6056546115875243
1017,E:\桌面\data1\1017_1.6400.jpg,1.64,1.2535507678985596,0.38644923210144033,0.8508092164993286,0.7891907835006713
1018,E:\桌面\data1\1018_1.6400.jpg,1.64,1.609372615814209,0.030627384185790918,1.732661247253418,0.09266124725341807
1019,E:\桌面\data1\1019_1.6400.jpg,1.64,1.6395325660705566,0.0004674339294432617,1.6240819692611694,0.01591803073883047
1020,E:\桌面\data1\1020_1.6400.jpg,1.64,1.6530489921569824,0.01304899215698252,1.6880813837051392,0.04808138370513926
1021,E:\桌面\data1\1021_1.6400.jpg,1.64,1.6854939460754395,0.04549394607543955,1.6556752920150757,0.01567529201507578
1022,E:\桌面\data1\1022_1.6400.jpg,1.64,1.6527526378631592,0.012752637863159277,1.647158145904541,0.007158145904541113
1023,E:\桌面\data1\1023_-1.5000.jpg,-1.5,-1.352623462677002,0.14737653732299805,-1.2995655536651611,0.20043444633483887
1024,E:\桌面\data1\1024_1.6400.jpg,1.64,1.6822199821472168,0.042219982147216895,1.453648328781128,0.18635167121887197
1025,E:\桌面\data1\1025_1.6400.jpg,1.64,1.655958890914917,0.01595889091491709,1.663568377494812,0.02356837749481211
1026,E:\桌面\data1\1026_1.6400.jpg,1.64,1.62249755859375,0.017502441406249902,1.6088796854019165,0.0311203145980834
1027,E:\桌面\data1\1027_1.6400.jpg,1.64,1.620159387588501,0.019840612411498926,1.4655076265335083,0.1744923734664916
1028,E:\桌面\data1\1028_1.6400.jpg,1.64,1.5825402736663818,0.057459726333618066,1.6593660116195679,0.01936601161956797
1029,E:\桌面\data1\1029_1.6400.jpg,1.64,1.6666169166564941,0.02661691665649424,1.6412296295166016,0.0012296295166016602
1030,E:\桌面\data1\1030_1.6400.jpg,1.64,1.5981922149658203,0.04180778503417959,1.643312931060791,0.0033129310607911133
1031,E:\桌面\data1\1031_0.0000.jpg,0.0,0.40911704301834106,0.40911704301834106,0.3227992355823517,0.3227992355823517
1032,E:\桌面\data1\1032_0.0000.jpg,0.0,0.556145191192627,0.556145191192627,0.815686821937561,0.815686821937561
1033,E:\桌面\data1\1033_0.0000.jpg,0.0,1.1818172931671143,1.1818172931671143,0.049503833055496216,0.049503833055496216
1034,E:\桌面\data1\1034_-1.5000.jpg,-1.5,-1.3341450691223145,0.16585493087768555,-1.220522165298462,0.2794778347015381
1035,E:\桌面\data1\1035_0.0000.jpg,0.0,0.4370507001876831,0.4370507001876831,0.1280859410762787,0.1280859410762787
1036,E:\桌面\data1\1036_0.0000.jpg,0.0,-0.3853028416633606,0.3853028416633606,0.3535013794898987,0.3535013794898987
1037,E:\桌面\data1\1037_0.0000.jpg,0.0,1.3478753566741943,1.3478753566741943,0.29635128378868103,0.29635128378868103
1038,E:\桌面\data1\1038_0.0000.jpg,0.0,1.5570027828216553,1.5570027828216553,0.20424950122833252,0.20424950122833252
1039,E:\桌面\data1\1039_0.0000.jpg,0.0,0.6733633279800415,0.6733633279800415,0.38712507486343384,0.38712507486343384
1040,E:\桌面\data1\1040_0.0000.jpg,0.0,0.32871049642562866,0.32871049642562866,-0.6928983926773071,0.6928983926773071
1041,E:\桌面\data1\1041_0.0000.jpg,0.0,0.7917786240577698,0.7917786240577698,0.11182636022567749,0.11182636022567749
1042,E:\桌面\data1\1042_0.0000.jpg,0.0,-0.1535673439502716,0.1535673439502716,0.4245225489139557,0.4245225489139557
1043,E:\桌面\data1\1043_0.0000.jpg,0.0,0.42405855655670166,0.42405855655670166,1.1383857727050781,1.1383857727050781
1044,E:\桌面\data1\1044_1.5000.jpg,1.5,1.4359159469604492,0.06408405303955078,1.4434484243392944,0.056551575660705566
1045,E:\桌面\data1\1045_-1.5000.jpg,-1.5,-1.5495154857635498,0.049515485763549805,-1.406021237373352,0.09397876262664795
1046,E:\桌面\data1\1046_1.5000.jpg,1.5,-0.19660210609436035,1.6966021060943604,1.5791534185409546,0.07915341854095459
1047,E:\桌面\data1\1047_1.5000.jpg,1.5,1.0278103351593018,0.47218966484069824,1.569570779800415,0.06957077980041504
1048,E:\桌面\data1\1048_1.5000.jpg,1.5,1.4808895587921143,0.019110441207885742,1.589227557182312,0.08922755718231201
1049,E:\桌面\data1\1049_1.5000.jpg,1.5,1.5024516582489014,0.002451658248901367,1.5433619022369385,0.04336190223693848
1050,E:\桌面\data1\1050_1.5000.jpg,1.5,1.5373351573944092,0.03733515739440918,1.4603054523468018,0.03969454765319824
1051,E:\桌面\data1\1051_1.5000.jpg,1.5,1.5024998188018799,0.002499818801879883,1.5971567630767822,0.09715676307678223
1052,E:\桌面\data1\1052_1.5000.jpg,1.5,1.3940248489379883,0.10597515106201172,1.5675233602523804,0.06752336025238037
1053,E:\桌面\data1\1053_1.5000.jpg,1.5,1.517789363861084,0.017789363861083984,1.491607904434204,0.008392095565795898
1054,E:\桌面\data1\1054_1.5000.jpg,1.5,1.5122592449188232,0.012259244918823242,1.608328938484192,0.1083289384841919
1055,E:\桌面\data1\1055_1.5000.jpg,1.5,1.5158040523529053,0.015804052352905273,1.4589468240737915,0.041053175926208496
1056,E:\桌面\data1\1056_-1.5000.jpg,-1.5,-1.4544434547424316,0.04555654525756836,-1.4959262609481812,0.004073739051818848
1057,E:\桌面\data1\1057_1.5000.jpg,1.5,1.5802028179168701,0.08020281791687012,1.4637662172317505,0.03623378276824951
1058,E:\桌面\data1\1058_1.5000.jpg,1.5,1.315016746520996,0.1849832534790039,1.2065662145614624,0.2934337854385376
1059,E:\桌面\data1\1059_1.5000.jpg,1.5,1.3300132751464844,0.16998672485351562,0.8068790435791016,0.6931209564208984
1060,E:\桌面\data1\1060_1.5000.jpg,1.5,1.5922002792358398,0.09220027923583984,1.6235984563827515,0.12359845638275146
1061,E:\桌面\data1\1061_1.5000.jpg,1.5,0.8020481467247009,0.6979518532752991,1.099521279335022,0.400478720664978
1062,E:\桌面\data1\1062_1.5000.jpg,1.5,1.5292437076568604,0.02924370765686035,1.4149298667907715,0.08507013320922852
1063,E:\桌面\data1\1063_1.5000.jpg,1.5,0.14228889346122742,1.3577111065387726,1.2626433372497559,0.23735666275024414
1064,E:\桌面\data1\1064_1.5000.jpg,1.5,1.4392731189727783,0.06072688102722168,1.5527020692825317,0.05270206928253174
1065,E:\桌面\data1\1065_-1.5000.jpg,-1.5,-0.7096946835517883,0.7903053164482117,1.58710515499115,3.08710515499115
1066,E:\桌面\data1\1066_-1.5000.jpg,-1.5,-0.85185307264328,0.64814692735672,-0.3101640045642853,1.1898359954357147
1067,E:\桌面\data1\1067_-1.5000.jpg,-1.5,-1.410369873046875,0.089630126953125,1.0129700899124146,2.5129700899124146
1068,E:\桌面\data1\1068_-1.5000.jpg,-1.5,0.5826059579849243,2.0826059579849243,-1.639697551727295,0.13969755172729492
1069,E:\桌面\data1\1069_-1.5000.jpg,-1.5,-1.3156931400299072,0.18430685997009277,-1.6076523065567017,0.10765230655670166
1070,E:\桌面\data1\1070_-1.5000.jpg,-1.5,-1.5100657939910889,0.010065793991088867,-1.6156882047653198,0.11568820476531982
1071,E:\桌面\data1\1071_-1.5000.jpg,-1.5,-1.5445659160614014,0.04456591606140137,-1.3585786819458008,0.14142131805419922
1072,E:\桌面\data1\1072_-1.5000.jpg,-1.5,-1.631059169769287,0.1310591697692871,-1.4609860181808472,0.03901398181915283
1073,E:\桌面\data1\1073_-1.5000.jpg,-1.5,-1.4885218143463135,0.011478185653686523,-1.297784447669983,0.2022155523300171
1074,E:\桌面\data1\1074_-1.5000.jpg,-1.5,-1.512258768081665,0.012258768081665039,-1.3827117681503296,0.11728823184967041
1075,E:\桌面\data1\1075_-1.5000.jpg,-1.5,-1.461226224899292,0.03877377510070801,-1.5286904573440552,0.028690457344055176
1076,E:\桌面\data1\1076_-1.5000.jpg,-1.5,-1.4866604804992676,0.013339519500732422,-1.5193662643432617,0.01936626434326172
1077,E:\桌面\data1\1077_-1.5000.jpg,-1.5,-1.297424077987671,0.2025759220123291,-1.4823923110961914,0.017607688903808594
1078,E:\桌面\data1\1078_-1.5000.jpg,-1.5,-1.5005912780761719,0.000591278076171875,-1.4614620208740234,0.03853797912597656
1079,E:\桌面\data1\1079_-1.5000.jpg,-1.5,-1.460439682006836,0.03956031799316406,-1.458983302116394,0.04101669788360596
1080,E:\桌面\data1\1080_-1.5000.jpg,-1.5,-1.4813265800476074,0.018673419952392578,-1.4612784385681152,0.038721561431884766
1081,E:\桌面\data1\1081_-1.5000.jpg,-1.5,-1.440251350402832,0.05974864959716797,-1.4433306455612183,0.05666935443878174
1082,E:\桌面\data1\1082_-1.5000.jpg,-1.5,-1.1978082656860352,0.30219173431396484,-1.3181649446487427,0.18183505535125732
1083,E:\桌面\data1\1083_-1.5000.jpg,-1.5,-1.291370153427124,0.20862984657287598,-1.3332674503326416,0.1667325496673584
1084,E:\桌面\data1\1084_-1.5000.jpg,-1.5,-0.9505301117897034,0.5494698882102966,-0.7231292724609375,0.7768707275390625
1085,E:\桌面\data1\1085_-1.5000.jpg,-1.5,-1.1849479675292969,0.3150520324707031,-1.2808679342269897,0.21913206577301025
1086,E:\桌面\data1\1086_-1.5000.jpg,-1.5,0.44682249426841736,1.9468224942684174,-0.34936586022377014,1.1506341397762299
1087,E:\桌面\data1\1087_-1.5000.jpg,-1.5,-1.6162471771240234,0.11624717712402344,-0.9777306318283081,0.5222693681716919
1088,E:\桌面\data1\1088_-1.5000.jpg,-1.5,-1.5169763565063477,0.016976356506347656,-1.5089342594146729,0.008934259414672852
1089,E:\桌面\data1\1089_0.0000.jpg,0.0,-1.3659892082214355,1.3659892082214355,-0.9598003625869751,0.9598003625869751
1090,E:\桌面\data1\1090_-1.5000.jpg,-1.5,-1.5700387954711914,0.0700387954711914,-1.4114316701889038,0.08856832981109619
1091,E:\桌面\data1\1091_-1.5000.jpg,-1.5,-1.4990627765655518,0.0009372234344482422,-1.4602646827697754,0.03973531723022461
1092,E:\桌面\data1\1092_-1.5000.jpg,-1.5,-1.5887489318847656,0.08874893188476562,-0.47152087092399597,1.028479129076004
1093,E:\桌面\data1\1093_-1.5000.jpg,-1.5,-1.6412410736083984,0.14124107360839844,-1.4396196603775024,0.06038033962249756
1094,E:\桌面\data1\1094_-1.5000.jpg,-1.5,-1.5110373497009277,0.011037349700927734,-1.4813287258148193,0.018671274185180664
1095,E:\桌面\data1\1095_-1.5000.jpg,-1.5,-1.4880366325378418,0.011963367462158203,-1.6439112424850464,0.1439112424850464
1096,E:\桌面\data1\1096_-1.5000.jpg,-1.5,-0.17115789651870728,1.3288421034812927,-1.102073073387146,0.397926926612854
1097,E:\桌面\data1\1097_-1.5000.jpg,-1.5,-1.44364333152771,0.05635666847229004,-1.363162636756897,0.13683736324310303
1098,E:\桌面\data1\1098_-1.5000.jpg,-1.5,-1.735729455947876,0.23572945594787598,-1.520124077796936,0.020124077796936035
1099,E:\桌面\data1\1099_1.6400.jpg,1.64,1.5215449333190918,0.1184550666809081,-1.3283394575119019,2.9683394575119015
1100,E:\桌面\data1\1100_-1.5000.jpg,-1.5,-0.925343930721283,0.574656069278717,-0.3489185869693756,1.1510814130306244
1101,E:\桌面\data1\1101_1.6400.jpg,1.64,1.546015739440918,0.09398426055908193,-0.8704127073287964,2.510412707328796
1102,E:\桌面\data1\1102_1.6400.jpg,1.64,1.338294267654419,0.30170573234558096,1.6898053884506226,0.049805388450622656
1103,E:\桌面\data1\1103_1.6400.jpg,1.64,0.9738439321517944,0.6661560678482055,0.3918928802013397,1.2481071197986602
1104,E:\桌面\data1\1104_1.6400.jpg,1.64,1.5926144123077393,0.047385587692260644,0.9744522571563721,0.6655477428436278
1105,E:\桌面\data1\1105_1.6400.jpg,1.64,1.5962114334106445,0.04378856658935537,1.6689928770065308,0.02899287700653086
1106,E:\桌面\data1\1106_1.6400.jpg,1.64,1.6035001277923584,0.036499872207641504,1.7288872003555298,0.08888720035552988
1107,E:\桌面\data1\1107_1.6400.jpg,1.64,1.6043777465820312,0.03562225341796865,1.6381099224090576,0.0018900775909422851
1108,E:\桌面\data1\1108_1.6400.jpg,1.64,1.6173062324523926,0.022693767547607324,1.5244518518447876,0.1155481481552123
1109,E:\桌面\data1\1109_1.6400.jpg,1.64,1.6701884269714355,0.030188426971435645,1.5953446626663208,0.0446553373336791
1110,E:\桌面\data1\1110_1.6400.jpg,1.64,1.6318535804748535,0.008146419525146387,1.3102961778640747,0.3297038221359252
1111,E:\桌面\data1\1111_-1.5000.jpg,-1.5,-0.7325567007064819,0.7674432992935181,-1.5158791542053223,0.015879154205322266
1112,E:\桌面\data1\1112_1.6400.jpg,1.64,1.572984218597412,0.06701578140258779,1.6378871202468872,0.0021128797531126953
1113,E:\桌面\data1\1113_1.6400.jpg,1.64,1.6148395538330078,0.02516044616699209,1.6216033697128296,0.018396630287170312
1114,E:\桌面\data1\1114_1.6400.jpg,1.64,1.6209394931793213,0.019060506820678613,1.6802895069122314,0.04028950691223154
1115,E:\桌面\data1\1115_1.6400.jpg,1.64,1.683854579925537,0.04385457992553721,1.5895419120788574,0.05045808792114248
1116,E:\桌面\data1\1116_1.6400.jpg,1.64,1.3396143913269043,0.3003856086730956,1.5444649457931519,0.09553505420684805
1117,E:\桌面\data1\1117_1.6400.jpg,1.64,1.5088379383087158,0.13116206169128408,1.7351124286651611,0.09511242866516123
1118,E:\桌面\data1\1118_1.6400.jpg,1.64,1.625183343887329,0.0148166561126708,1.438283920288086,0.20171607971191396
1119,E:\桌面\data1\1119_0.0000.jpg,0.0,0.788120687007904,0.788120687007904,-0.5483540296554565,0.5483540296554565
1120,E:\桌面\data1\1120_0.0000.jpg,0.0,0.3863790035247803,0.3863790035247803,-0.3005090057849884,0.3005090057849884
1121,E:\桌面\data1\1121_0.0000.jpg,0.0,0.23116007447242737,0.23116007447242737,-0.3255251944065094,0.3255251944065094
1122,E:\桌面\data1\1122_-1.5000.jpg,-1.5,-1.3829474449157715,0.11705255508422852,-1.4450981616973877,0.054901838302612305
1123,E:\桌面\data1\1123_0.0000.jpg,0.0,0.35919833183288574,0.35919833183288574,-0.009255528450012207,0.009255528450012207
1124,E:\桌面\data1\1124_0.0000.jpg,0.0,0.22035792469978333,0.22035792469978333,0.17097969353199005,0.17097969353199005
1125,E:\桌面\data1\1125_0.0000.jpg,0.0,-0.07726702094078064,0.07726702094078064,-0.2361544668674469,0.2361544668674469
1126,E:\桌面\data1\1126_0.0000.jpg,0.0,1.4309046268463135,1.4309046268463135,-0.6096779108047485,0.6096779108047485
1127,E:\桌面\data1\1127_0.0000.jpg,0.0,1.1659812927246094,1.1659812927246094,1.0830847024917603,1.0830847024917603
1128,E:\桌面\data1\1128_0.0000.jpg,0.0,0.4502210021018982,0.4502210021018982,-0.28714683651924133,0.28714683651924133
1129,E:\桌面\data1\1129_0.0000.jpg,0.0,-0.19060903787612915,0.19060903787612915,0.3289561867713928,0.3289561867713928
1130,E:\桌面\data1\1130_0.0000.jpg,0.0,0.7910248637199402,0.7910248637199402,1.2324596643447876,1.2324596643447876
1131,E:\桌面\data1\1131_0.0000.jpg,0.0,1.2009434700012207,1.2009434700012207,1.227138876914978,1.227138876914978
1132,E:\桌面\data1\1132_1.5000.jpg,1.5,-0.3109295666217804,1.8109295666217804,0.46557942032814026,1.0344205796718597
1133,E:\桌面\data1\1133_-1.5000.jpg,-1.5,-1.569249153137207,0.06924915313720703,-1.4608608484268188,0.03913915157318115
1134,E:\桌面\data1\1134_1.5000.jpg,1.5,1.526855230331421,0.0268552303314209,1.4385243654251099,0.06147563457489014
1135,E:\桌面\data1\1135_1.5000.jpg,1.5,1.2549984455108643,0.24500155448913574,1.574827790260315,0.07482779026031494
1136,E:\桌面\data1\1136_1.5000.jpg,1.5,1.5278232097625732,0.027823209762573242,1.4960232973098755,0.003976702690124512
1137,E:\桌面\data1\1137_1.5000.jpg,1.5,1.5644197463989258,0.06441974639892578,1.4730533361434937,0.026946663856506348
1138,E:\桌面\data1\1138_1.5000.jpg,1.5,1.5997395515441895,0.09973955154418945,1.4448739290237427,0.055126070976257324
1139,E:\桌面\data1\1139_1.5000.jpg,1.5,1.362189531326294,0.13781046867370605,1.4093801975250244,0.09061980247497559
1140,E:\桌面\data1\1140_1.5000.jpg,1.5,1.5092213153839111,0.009221315383911133,1.5645500421524048,0.06455004215240479
1141,E:\桌面\data1\1141_1.5000.jpg,1.5,1.4818637371063232,0.018136262893676758,1.4110711812973022,0.08892881870269775
1142,E:\桌面\data1\1142_1.5000.jpg,1.5,1.4238455295562744,0.07615447044372559,1.5434317588806152,0.043431758880615234
1143,E:\桌面\data1\1143_1.5000.jpg,1.5,1.448603630065918,0.05139636993408203,1.4718027114868164,0.028197288513183594
1144,E:\桌面\data1\1144_-1.5000.jpg,-1.5,-1.37357497215271,0.12642502784729004,-1.4986240863800049,0.0013759136199951172
1145,E:\桌面\data1\1145_1.5000.jpg,1.5,0.5244690775871277,0.9755309224128723,1.4587353467941284,0.04126465320587158
1146,E:\桌面\data1\1146_1.5000.jpg,1.5,1.3809680938720703,0.11903190612792969,1.307753086090088,0.1922469139099121
1147,E:\桌面\data1\1147_1.5000.jpg,1.5,1.567326545715332,0.06732654571533203,1.5679601430892944,0.06796014308929443
1148,E:\桌面\data1\1148_1.5000.jpg,1.5,-0.568658173084259,2.068658173084259,1.3285783529281616,0.17142164707183838
1149,E:\桌面\data1\1149_1.5000.jpg,1.5,1.4466736316680908,0.05332636833190918,1.518060564994812,0.01806056499481201
1150,E:\桌面\data1\1150_1.5000.jpg,1.5,1.3314006328582764,0.16859936714172363,1.5088366270065308,0.008836627006530762
1151,E:\桌面\data1\1151_1.5000.jpg,1.5,0.9215566515922546,0.5784433484077454,1.086057424545288,0.4139425754547119
1152,E:\桌面\data1\1152_1.5000.jpg,1.5,0.2586197257041931,1.2413802742958069,1.0102739334106445,0.48972606658935547
1153,E:\桌面\data1\1153_-1.5000.jpg,-1.5,-1.0875418186187744,0.4124581813812256,-1.2989661693572998,0.2010338306427002
1154,E:\桌面\data1\1154_-1.5000.jpg,-1.5,-1.4482946395874023,0.051705360412597656,-1.5074753761291504,0.007475376129150391
1155,E:\桌面\data1\1155_-1.5000.jpg,-1.5,-1.1533403396606445,0.34665966033935547,-1.2273167371749878,0.2726832628250122
1156,E:\桌面\data1\1156_-1.5000.jpg,-1.5,-1.649230718612671,0.1492307186126709,-1.4831205606460571,0.01687943935394287
1157,E:\桌面\data1\1157_-1.5000.jpg,-1.5,-1.4864380359649658,0.01356196403503418,-1.4770762920379639,0.022923707962036133
1158,E:\桌面\data1\1158_-1.5000.jpg,-1.5,-1.4336271286010742,0.06637287139892578,-1.4708154201507568,0.029184579849243164
1159,E:\桌面\data1\1159_-1.5000.jpg,-1.5,-1.4648897647857666,0.0351102352142334,-1.4523570537567139,0.04764294624328613
1160,E:\桌面\data1\1160_-1.5000.jpg,-1.5,-1.1441290378570557,0.35587096214294434,-1.5348973274230957,0.0348973274230957
1161,E:\桌面\data1\1161_-1.5000.jpg,-1.5,-1.4532949924468994,0.046705007553100586,-1.421218752861023,0.07878124713897705
1162,E:\桌面\data1\1162_-1.5000.jpg,-1.5,-1.414966106414795,0.08503389358520508,-1.4089179039001465,0.09108209609985352
1163,E:\桌面\data1\1163_-1.5000.jpg,-1.5,-1.4317193031311035,0.06828069686889648,-1.4433012008666992,0.05669879913330078
1164,E:\桌面\data1\1164_-1.5000.jpg,-1.5,-1.6335992813110352,0.13359928131103516,-1.4294344186782837,0.07056558132171631
1165,E:\桌面\data1\1165_-1.5000.jpg,-1.5,-1.3807637691497803,0.11923623085021973,-1.412267804145813,0.08773219585418701
1166,E:\桌面\data1\1166_-1.5000.jpg,-1.5,-1.5536777973175049,0.05367779731750488,-1.500099778175354,9.97781753540039e-05
1167,E:\桌面\data1\1167_-1.5000.jpg,-1.5,-1.446451187133789,0.05354881286621094,-1.5636390447616577,0.06363904476165771
1168,E:\桌面\data1\1168_-1.5000.jpg,-1.5,-1.5467274188995361,0.04672741889953613,-1.5624549388885498,0.062454938888549805
1169,E:\桌面\data1\1169_-1.5000.jpg,-1.5,-1.4930670261383057,0.006932973861694336,-1.4039286375045776,0.09607136249542236
1170,E:\桌面\data1\1170_-1.5000.jpg,-1.5,-1.4698576927185059,0.03014230728149414,-1.499332308769226,0.0006676912307739258
1171,E:\桌面\data1\1171_-1.5000.jpg,-1.5,-1.4767167568206787,0.02328324317932129,-1.5892136096954346,0.08921360969543457
1172,E:\桌面\data1\1172_-1.5000.jpg,-1.5,-1.4803454875946045,0.019654512405395508,-1.2464685440063477,0.25353145599365234
1173,E:\桌面\data1\1173_-1.5000.jpg,-1.5,-1.517681360244751,0.017681360244750977,-0.901310920715332,0.598689079284668
1174,E:\桌面\data1\1174_-1.5000.jpg,-1.5,-1.3088781833648682,0.19112181663513184,-1.29167640209198,0.20832359790802002
1175,E:\桌面\data1\1175_-1.5000.jpg,-1.5,-1.4062061309814453,0.09379386901855469,-1.180436611175537,0.3195633888244629
1176,E:\桌面\data1\1176_-1.5000.jpg,-1.5,-1.5453860759735107,0.04538607597351074,-1.4745489358901978,0.025451064109802246
1177,E:\桌面\data1\1177_0.0000.jpg,0.0,-0.14976495504379272,0.14976495504379272,-1.1268123388290405,1.1268123388290405
1178,E:\桌面\data1\1178_-1.5000.jpg,-1.5,-1.5904083251953125,0.0904083251953125,-1.487779140472412,0.01222085952758789
1179,E:\桌面\data1\1179_-1.5000.jpg,-1.5,-1.4500579833984375,0.0499420166015625,-1.5364941358566284,0.03649413585662842
1180,E:\桌面\data1\1180_-1.5000.jpg,-1.5,-1.732337236404419,0.23233723640441895,-1.365649700164795,0.13435029983520508
1181,E:\桌面\data1\1181_-1.5000.jpg,-1.5,-1.4905292987823486,0.009470701217651367,-1.4508662223815918,0.0491337776184082
1182,E:\桌面\data1\1182_-1.5000.jpg,-1.5,-1.600468397140503,0.10046839714050293,-1.564038872718811,0.06403887271881104
1183,E:\桌面\data1\1183_-1.5000.jpg,-1.5,-1.5731728076934814,0.07317280769348145,-1.4770257472991943,0.022974252700805664
1184,E:\桌面\data1\1184_-1.5000.jpg,-1.5,0.4455001950263977,1.9455001950263977,-1.0620180368423462,0.4379819631576538
1185,E:\桌面\data1\1185_-1.5000.jpg,-1.5,-1.5864088535308838,0.08640885353088379,-1.4629746675491333,0.0370253324508667
1186,E:\桌面\data1\1186_-1.5000.jpg,-1.5,1.2589788436889648,2.758978843688965,-0.271868497133255,1.228131502866745
1187,E:\桌面\data1\1187_-1.5000.jpg,-1.5,0.4805457592010498,1.9805457592010498,-1.2222774028778076,0.2777225971221924
1188,E:\桌面\data1\1188_-1.5000.jpg,-1.5,-1.285585641860962,0.21441435813903809,-1.1617475748062134,0.3382524251937866
1189,E:\桌面\data1\1189_1.6400.jpg,1.64,1.4585626125335693,0.18143738746643057,1.5257636308670044,0.11423636913299551
1190,E:\桌面\data1\1190_1.6400.jpg,1.64,1.5633749961853027,0.07662500381469717,1.2354520559310913,0.4045479440689086
1191,E:\桌面\data1\1191_1.6400.jpg,1.64,1.4306135177612305,0.20938648223876943,1.64851713180542,0.00851713180542002
1192,E:\桌面\data1\1192_1.6400.jpg,1.64,1.538435459136963,0.10156454086303701,1.642661690711975,0.0026616907119751954
1193,E:\桌面\data1\1193_1.6400.jpg,1.64,1.4731855392456055,0.16681446075439443,1.297060489654541,0.3429395103454589
1194,E:\桌面\data1\1194_1.6400.jpg,1.64,1.60914945602417,0.03085054397582998,1.5375407934188843,0.10245920658111562
1195,E:\桌面\data1\1195_1.6400.jpg,1.64,1.6598477363586426,0.019847736358642676,1.4950019121170044,0.1449980878829955
1196,E:\桌面\data1\1196_1.6400.jpg,1.64,1.692758321762085,0.05275832176208506,1.705122947692871,0.06512294769287119
1197,E:\桌面\data1\1197_1.6400.jpg,1.64,1.653562307357788,0.013562307357788184,1.6670341491699219,0.027034149169921973
1198,E:\桌面\data1\1198_1.6400.jpg,1.64,1.5807220935821533,0.05927790641784658,1.6310909986495972,0.008909001350402734
1199,E:\桌面\data1\1199_-1.5000.jpg,-1.5,-1.311375617980957,0.18862438201904297,-1.4724863767623901,0.027513623237609863
1200,E:\桌面\data1\1200_1.6400.jpg,1.64,1.6466667652130127,0.006666765213012793,1.6789143085479736,0.03891430854797373
1201,E:\桌面\data1\1201_1.6400.jpg,1.64,1.5342388153076172,0.10576118469238271,1.6518183946609497,0.011818394660949805
1202,E:\桌面\data1\1202_1.6400.jpg,1.64,1.6382319927215576,0.0017680072784422851,1.6819783449172974,0.04197834491729746
1203,E:\桌面\data1\1203_1.6400.jpg,1.64,1.5799691677093506,0.060030832290649316,1.8532403707504272,0.21324037075042734
1204,E:\桌面\data1\1204_1.6400.jpg,1.64,1.6522305011749268,0.012230501174926856,1.8011456727981567,0.16114567279815684
1205,E:\桌面\data1\1205_1.6400.jpg,1.64,1.6675517559051514,0.027551755905151465,1.6714447736740112,0.03144477367401133
1206,E:\桌面\data1\1206_1.6400.jpg,1.64,1.6338887214660645,0.006111278533935449,1.236801266670227,0.40319873332977285
1207,E:\桌面\data1\1207_1.6400.jpg,1.64,0.40091848373413086,1.239081516265869,1.617775797843933,0.022224202156066797
1208,E:\桌面\data1\1208_0.0000.jpg,0.0,0.2984693944454193,0.2984693944454193,0.2710358798503876,0.2710358798503876
1209,E:\桌面\data1\1209_0.0000.jpg,0.0,0.0968303233385086,0.0968303233385086,0.2074069082736969,0.2074069082736969
1210,E:\桌面\data1\1210_-1.5000.jpg,-1.5,-1.1836106777191162,0.3163893222808838,-1.103270411491394,0.39672958850860596
1211,E:\桌面\data1\1211_0.0000.jpg,0.0,0.20613634586334229,0.20613634586334229,0.1932252049446106,0.1932252049446106
1212,E:\桌面\data1\1212_0.0000.jpg,0.0,0.334418922662735,0.334418922662735,0.11740222573280334,0.11740222573280334
1213,E:\桌面\data1\1213_0.0000.jpg,0.0,0.10216645151376724,0.10216645151376724,0.14631956815719604,0.14631956815719604
1214,E:\桌面\data1\1214_0.0000.jpg,0.0,-0.02609221637248993,0.02609221637248993,0.37532851099967957,0.37532851099967957
1215,E:\桌面\data1\1215_0.0000.jpg,0.0,0.721520721912384,0.721520721912384,0.6432759761810303,0.6432759761810303
1216,E:\桌面\data1\1216_0.0000.jpg,0.0,-0.36006253957748413,0.36006253957748413,0.21139395236968994,0.21139395236968994
1217,E:\桌面\data1\1217_0.0000.jpg,0.0,0.6239858865737915,0.6239858865737915,-0.4507002532482147,0.4507002532482147
1218,E:\桌面\data1\1218_0.0000.jpg,0.0,1.6189708709716797,1.6189708709716797,0.37197327613830566,0.37197327613830566
1219,E:\桌面\data1\1219_0.0000.jpg,0.0,1.200596570968628,1.200596570968628,0.6282079815864563,0.6282079815864563
1220,E:\桌面\data1\1220_0.0000.jpg,0.0,0.2065972238779068,0.2065972238779068,1.3935030698776245,1.3935030698776245
1221,E:\桌面\data1\1221_-1.5000.jpg,-1.5,-1.4910674095153809,0.00893259048461914,-0.813673734664917,0.686326265335083
1222,E:\桌面\data1\1222_1.5000.jpg,1.5,1.6011543273925781,0.10115432739257812,1.0892632007598877,0.4107367992401123
1223,E:\桌面\data1\1223_1.5000.jpg,1.5,-0.504157304763794,2.004157304763794,0.8244035243988037,0.6755964756011963
1224,E:\桌面\data1\1224_1.5000.jpg,1.5,1.0790069103240967,0.4209930896759033,1.3264392614364624,0.1735607385635376
1225,E:\桌面\data1\1225_1.5000.jpg,1.5,0.8311741948127747,0.6688258051872253,1.2983943223953247,0.2016056776046753
1226,E:\桌面\data1\1226_1.5000.jpg,1.5,1.521183729171753,0.02118372917175293,1.4981571435928345,0.0018428564071655273
1227,E:\桌面\data1\1227_1.5000.jpg,1.5,1.5592010021209717,0.05920100212097168,1.3740746974945068,0.12592530250549316
1228,E:\桌面\data1\1228_1.5000.jpg,1.5,1.3776297569274902,0.12237024307250977,1.4765455722808838,0.02345442771911621
1229,E:\桌面\data1\1229_1.5000.jpg,1.5,1.4623804092407227,0.037619590759277344,1.565053105354309,0.06505310535430908
1230,E:\桌面\data1\1230_1.5000.jpg,1.5,1.5125293731689453,0.012529373168945312,1.4796684980392456,0.020331501960754395
1231,E:\桌面\data1\1231_1.5000.jpg,1.5,1.6461553573608398,0.14615535736083984,1.481418251991272,0.018581748008728027
1232,E:\桌面\data1\1232_-1.5000.jpg,-1.5,-1.5286905765533447,0.028690576553344727,-1.4584673643112183,0.04153263568878174
1233,E:\桌面\data1\1233_1.5000.jpg,1.5,1.5204687118530273,0.020468711853027344,1.3665592670440674,0.13344073295593262
1234,E:\桌面\data1\1234_1.5000.jpg,1.5,1.4810073375701904,0.01899266242980957,1.4412461519241333,0.0587538480758667
1235,E:\桌面\data1\1235_1.5000.jpg,1.5,1.5156097412109375,0.0156097412109375,1.389480471611023,0.11051952838897705
1236,E:\桌面\data1\1236_1.5000.jpg,1.5,1.5644738674163818,0.06447386741638184,1.1560909748077393,0.34390902519226074
1237,E:\桌面\data1\1237_1.5000.jpg,1.5,1.2020928859710693,0.29790711402893066,1.582910180091858,0.08291018009185791
1238,E:\桌面\data1\1238_1.5000.jpg,1.5,1.50089693069458,0.0008969306945800781,1.4374737739562988,0.06252622604370117
1239,E:\桌面\data1\1239_1.5000.jpg,1.5,-0.7119176387786865,2.2119176387786865,1.3792611360549927,0.12073886394500732
1240,E:\桌面\data1\1240_1.5000.jpg,1.5,1.4084844589233398,0.09151554107666016,1.6374353170394897,0.13743531703948975
1241,E:\桌面\data1\1241_1.5000.jpg,1.5,1.071483850479126,0.428516149520874,1.1127609014511108,0.38723909854888916
1242,E:\桌面\data1\1242_-1.5000.jpg,-1.5,0.270108699798584,1.770108699798584,-1.5882841348648071,0.08828413486480713
1243,E:\桌面\data1\1243_-1.5000.jpg,-1.5,-1.3961048126220703,0.10389518737792969,-1.5338923931121826,0.03389239311218262
1244,E:\桌面\data1\1244_-1.5000.jpg,-1.5,-1.5963470935821533,0.09634709358215332,-1.5479668378829956,0.047966837882995605
1245,E:\桌面\data1\1245_-1.5000.jpg,-1.5,-1.3905746936798096,0.10942530632019043,-1.4991916418075562,0.0008083581924438477
1246,E:\桌面\data1\1246_-1.5000.jpg,-1.5,-1.5712597370147705,0.07125973701477051,-1.4836406707763672,0.016359329223632812
1247,E:\桌面\data1\1247_-1.5000.jpg,-1.5,-1.4007432460784912,0.09925675392150879,-1.5657684803009033,0.06576848030090332
1248,E:\桌面\data1\1248_-1.5000.jpg,-1.5,-1.4763672351837158,0.02363276481628418,-1.535117745399475,0.0351177453994751
1249,E:\桌面\data1\1249_-1.5000.jpg,-1.5,-1.412785291671753,0.08721470832824707,-1.5555557012557983,0.05555570125579834
1250,E:\桌面\data1\1250_-1.5000.jpg,-1.5,-1.4094743728637695,0.09052562713623047,-1.4535518884658813,0.04644811153411865
1251,E:\桌面\data1\1251_-1.5000.jpg,-1.5,-1.4941928386688232,0.005807161331176758,-1.4275521039962769,0.07244789600372314
1252,E:\桌面\data1\1252_-1.5000.jpg,-1.5,-1.4768261909484863,0.023173809051513672,-1.4426215887069702,0.057378411293029785
1253,E:\桌面\data1\1253_-1.5000.jpg,-1.5,-1.4705328941345215,0.029467105865478516,-1.4961674213409424,0.003832578659057617
1254,E:\桌面\data1\1254_-1.5000.jpg,-1.5,-1.5036699771881104,0.0036699771881103516,-1.5084971189498901,0.008497118949890137
1255,E:\桌面\data1\1255_-1.5000.jpg,-1.5,-1.428354024887085,0.07164597511291504,-1.4209645986557007,0.07903540134429932
1256,E:\桌面\data1\1256_-1.5000.jpg,-1.5,-1.3782141208648682,0.12178587913513184,-1.506661057472229,0.006661057472229004
1257,E:\桌面\data1\1257_-1.5000.jpg,-1.5,-1.5195484161376953,0.019548416137695312,-1.5659185647964478,0.06591856479644775
1258,E:\桌面\data1\1258_-1.5000.jpg,-1.5,-1.4721083641052246,0.02789163589477539,-1.340283989906311,0.15971601009368896
1259,E:\桌面\data1\1259_-1.5000.jpg,-1.5,-1.4242253303527832,0.0757746696472168,-1.4459521770477295,0.05404782295227051
1260,E:\桌面\data1\1260_-1.5000.jpg,-1.5,-1.4877910614013672,0.012208938598632812,-1.4557956457138062,0.04420435428619385
1261,E:\桌面\data1\1261_-1.5000.jpg,-1.5,-1.0002095699310303,0.4997904300689697,-1.6184697151184082,0.1184697151184082
1262,E:\桌面\data1\1262_-1.5000.jpg,-1.5,-1.5888116359710693,0.08881163597106934,-1.3930736780166626,0.1069263219833374
1263,E:\桌面\data1\1263_-1.5000.jpg,-1.5,-1.4607901573181152,0.039209842681884766,-1.2950669527053833,0.2049330472946167
1264,E:\桌面\data1\1264_-1.5000.jpg,-1.5,-1.3009724617004395,0.19902753829956055,-1.4183616638183594,0.08163833618164062
1265,E:\桌面\data1\1265_-1.5000.jpg,-1.5,-1.5142786502838135,0.014278650283813477,-1.4689257144927979,0.03107428550720215
1266,E:\桌面\data1\1266_0.0000.jpg,0.0,-0.8508909344673157,0.8508909344673157,-0.5941474437713623,0.5941474437713623
1267,E:\桌面\data1\1267_-1.5000.jpg,-1.5,-1.4454631805419922,0.05453681945800781,-1.6507741212844849,0.15077412128448486
1268,E:\桌面\data1\1268_-1.5000.jpg,-1.5,-1.4979114532470703,0.0020885467529296875,-1.5136901140213013,0.01369011402130127
1269,E:\桌面\data1\1269_-1.5000.jpg,-1.5,-1.617785930633545,0.11778593063354492,-1.5136182308197021,0.013618230819702148
1270,E:\桌面\data1\1270_-1.5000.jpg,-1.5,-1.6122028827667236,0.11220288276672363,-0.8483048677444458,0.6516951322555542
1271,E:\桌面\data1\1271_-1.5000.jpg,-1.5,-1.4614841938018799,0.03851580619812012,-1.3803861141204834,0.1196138858795166
1272,E:\桌面\data1\1272_-1.5000.jpg,-1.5,-1.6386077404022217,0.13860774040222168,-1.2947734594345093,0.20522654056549072
1273,E:\桌面\data1\1273_-1.5000.jpg,-1.5,-1.50144362449646,0.001443624496459961,-1.4743366241455078,0.025663375854492188
1274,E:\桌面\data1\1274_-1.5000.jpg,-1.5,-1.4802651405334473,0.019734859466552734,-1.4547756910324097,0.04522430896759033
1275,E:\桌面\data1\1275_-1.5000.jpg,-1.5,-1.604020357131958,0.10402035713195801,-1.4856510162353516,0.014348983764648438
1276,E:\桌面\data1\1276_-1.5000.jpg,-1.5,-1.5294690132141113,0.029469013214111328,-1.1561046838760376,0.3438953161239624
1277,E:\桌面\data1\1277_-1.5000.jpg,-1.5,-1.4768624305725098,0.023137569427490234,-1.2140194177627563,0.28598058223724365
1278,E:\桌面\data1\1278_1.6400.jpg,1.64,1.1633806228637695,0.47661937713623037,1.8027371168136597,0.16273711681365977
1279,E:\桌面\data1\1279_1.6400.jpg,1.64,1.608114242553711,0.031885757446288965,1.764165997505188,0.12416599750518809
1280,E:\桌面\data1\1280_1.6400.jpg,1.64,1.563206434249878,0.07679356575012197,1.4756485223770142,0.16435147762298574
1281,E:\桌面\data1\1281_1.6400.jpg,1.64,1.6208913326263428,0.01910866737365713,1.1446752548217773,0.49532474517822256
1282,E:\桌面\data1\1282_1.6400.jpg,1.64,1.627779483795166,0.012220516204833887,1.6322228908538818,0.007777109146118066
1283,E:\桌面\data1\1283_1.6400.jpg,1.64,1.2128915786743164,0.4271084213256835,1.729932427406311,0.08993242740631113
1284,E:\桌面\data1\1284_1.6400.jpg,1.64,1.5790417194366455,0.060958280563354394,1.7965060472488403,0.15650604724884043
1285,E:\桌面\data1\1285_1.6400.jpg,1.64,1.6713244915008545,0.03132449150085459,1.1863257884979248,0.4536742115020751
1286,E:\桌面\data1\1286_1.6400.jpg,1.64,1.6763026714324951,0.036302671432495215,1.7662148475646973,0.12621484756469736
1287,E:\桌面\data1\1287_1.6400.jpg,1.64,1.6715641021728516,0.03156410217285166,1.6255875825881958,0.014412417411804102
1288,E:\桌面\data1\1288_-1.5000.jpg,-1.5,-1.2966060638427734,0.20339393615722656,-1.3823686838150024,0.11763131618499756
1289,E:\桌面\data1\1289_1.6400.jpg,1.64,0.7857109904289246,0.8542890095710753,1.6201345920562744,0.019865407943725488
1290,E:\桌面\data1\1290_1.6400.jpg,1.64,1.5948207378387451,0.045179262161254785,1.5967764854431152,0.04322351455688467
1291,E:\桌面\data1\1291_1.6400.jpg,1.64,1.5910935401916504,0.04890645980834951,1.6448155641555786,0.004815564155578711
1292,E:\桌面\data1\1292_1.6400.jpg,1.64,1.5801212787628174,0.05987872123718252,1.7267274856567383,0.08672748565673838
1293,E:\桌面\data1\1293_1.6400.jpg,1.64,1.6514151096343994,0.011415109634399512,1.6350106000900269,0.004989399909973047
1294,E:\桌面\data1\1294_1.6400.jpg,1.64,1.6130709648132324,0.02692903518676748,1.8845959901809692,0.24459599018096934
1295,E:\桌面\data1\1295_1.6400.jpg,1.64,1.4441931247711182,0.19580687522888174,1.6989554166793823,0.05895541667938242
1296,E:\桌面\data1\1296_1.6400.jpg,1.64,1.6648006439208984,0.024800643920898535,1.047558307647705,0.5924416923522948
1297,E:\桌面\data1\1297_0.0000.jpg,0.0,0.806352436542511,0.806352436542511,-0.24276509881019592,0.24276509881019592
1298,E:\桌面\data1\1298_0.0000.jpg,0.0,-0.20371583104133606,0.20371583104133606,-0.0538003146648407,0.0538003146648407
1299,E:\桌面\data1\1299_-1.5000.jpg,-1.5,-1.4414105415344238,0.05858945846557617,-1.5270363092422485,0.027036309242248535
1300,E:\桌面\data1\1300_0.0000.jpg,0.0,-0.12876290082931519,0.12876290082931519,-0.7426931858062744,0.7426931858062744
1301,E:\桌面\data1\1301_0.0000.jpg,0.0,0.020535334944725037,0.020535334944725037,-0.19232016801834106,0.19232016801834106
1302,E:\桌面\data1\1302_0.0000.jpg,0.0,-0.45165205001831055,0.45165205001831055,0.9037675857543945,0.9037675857543945
1303,E:\桌面\data1\1303_0.0000.jpg,0.0,0.49909085035324097,0.49909085035324097,0.14122983813285828,0.14122983813285828
1304,E:\桌面\data1\1304_0.0000.jpg,0.0,-0.02289402484893799,0.02289402484893799,-0.09574693441390991,0.09574693441390991
1305,E:\桌面\data1\1305_0.0000.jpg,0.0,-0.08257001638412476,0.08257001638412476,0.1667982041835785,0.1667982041835785
1306,E:\桌面\data1\1306_0.0000.jpg,0.0,0.10320402681827545,0.10320402681827545,-0.08260789513587952,0.08260789513587952
1307,E:\桌面\data1\1307_0.0000.jpg,0.0,0.23718294501304626,0.23718294501304626,-0.11471602320671082,0.11471602320671082
1308,E:\桌面\data1\1308_0.0000.jpg,0.0,0.5025548338890076,0.5025548338890076,0.22464126348495483,0.22464126348495483
1309,E:\桌面\data1\1309_0.0000.jpg,0.0,0.5794517397880554,0.5794517397880554,0.6813136339187622,0.6813136339187622
1310,E:\桌面\data1\1310_-1.5000.jpg,-1.5,-0.8902464509010315,0.6097535490989685,-1.2488300800323486,0.25116991996765137
1311,E:\桌面\data1\1311_1.5000.jpg,1.5,1.3590972423553467,0.14090275764465332,1.2600089311599731,0.23999106884002686
1312,E:\桌面\data1\1312_1.5000.jpg,1.5,1.4674930572509766,0.03250694274902344,1.3591543436050415,0.1408456563949585
1313,E:\桌面\data1\1313_1.5000.jpg,1.5,1.4620146751403809,0.03798532485961914,1.4645329713821411,0.03546702861785889
1314,E:\桌面\data1\1314_1.5000.jpg,1.5,1.1416940689086914,0.3583059310913086,1.4831551313400269,0.016844868659973145
1315,E:\桌面\data1\1315_1.5000.jpg,1.5,1.533372163772583,0.03337216377258301,1.4475462436676025,0.05245375633239746
1316,E:\桌面\data1\1316_1.5000.jpg,1.5,1.6190013885498047,0.11900138854980469,1.42070734500885,0.0792926549911499
1317,E:\桌面\data1\1317_1.5000.jpg,1.5,0.4455994665622711,1.0544005334377289,1.524823546409607,0.024823546409606934
1318,E:\桌面\data1\1318_1.5000.jpg,1.5,1.5366182327270508,0.03661823272705078,1.340800404548645,0.15919959545135498
1319,E:\桌面\data1\1319_1.5000.jpg,1.5,1.535247802734375,0.035247802734375,1.4800385236740112,0.01996147632598877
1320,E:\桌面\data1\1320_1.5000.jpg,1.5,0.29234054684638977,1.2076594531536102,1.5586825609207153,0.05868256092071533
1321,E:\桌面\data1\1321_-1.5000.jpg,-1.5,0.2975638508796692,1.7975638508796692,-1.036964774131775,0.4630352258682251
1322,E:\桌面\data1\1322_1.5000.jpg,1.5,1.498363971710205,0.0016360282897949219,1.5635030269622803,0.06350302696228027
1323,E:\桌面\data1\1323_1.5000.jpg,1.5,0.3878026604652405,1.1121973395347595,-0.332834929227829,1.832834929227829
1324,E:\桌面\data1\1324_1.5000.jpg,1.5,1.222898244857788,0.2771017551422119,1.6759289503097534,0.17592895030975342
1325,E:\桌面\data1\1325_1.5000.jpg,1.5,1.4772064685821533,0.02279353141784668,1.516413688659668,0.01641368865966797
1326,E:\桌面\data1\1326_1.5000.jpg,1.5,0.5498607158660889,0.9501392841339111,1.413527011871338,0.08647298812866211
1327,E:\桌面\data1\1327_1.5000.jpg,1.5,1.5377917289733887,0.03779172897338867,1.484371304512024,0.015628695487976074
1328,E:\桌面\data1\1328_1.5000.jpg,1.5,1.5536725521087646,0.05367255210876465,1.524176001548767,0.02417600154876709
1329,E:\桌面\data1\1329_1.5000.jpg,1.5,1.4173307418823242,0.08266925811767578,1.446698784828186,0.053301215171813965
1330,E:\桌面\data1\1330_1.5000.jpg,1.5,0.047420844435691833,1.4525791555643082,0.38375675678253174,1.1162432432174683
1331,E:\桌面\data1\1331_-1.5000.jpg,-1.5,-1.3451220989227295,0.1548779010772705,-1.3146547079086304,0.18534529209136963
1332,E:\桌面\data1\1332_-1.5000.jpg,-1.5,-1.4987502098083496,0.0012497901916503906,-1.4999406337738037,5.936622619628906e-05
1333,E:\桌面\data1\1333_-1.5000.jpg,-1.5,-1.446728229522705,0.05327177047729492,-1.596458077430725,0.0964580774307251
1334,E:\桌面\data1\1334_-1.5000.jpg,-1.5,-1.2451343536376953,0.2548656463623047,-1.5079900026321411,0.007990002632141113
1335,E:\桌面\data1\1335_-1.5000.jpg,-1.5,-1.4212462902069092,0.07875370979309082,-1.489823579788208,0.010176420211791992
1336,E:\桌面\data1\1336_-1.5000.jpg,-1.5,-1.4523992538452148,0.047600746154785156,-1.4686682224273682,0.031331777572631836
1337,E:\桌面\data1\1337_-1.5000.jpg,-1.5,-1.4380261898040771,0.06197381019592285,-1.5188671350479126,0.018867135047912598
1338,E:\桌面\data1\1338_-1.5000.jpg,-1.5,-1.3056764602661133,0.19432353973388672,-1.4982967376708984,0.0017032623291015625
1339,E:\桌面\data1\1339_-1.5000.jpg,-1.5,-1.4300603866577148,0.06993961334228516,-1.4904049634933472,0.009595036506652832
1340,E:\桌面\data1\1340_-1.5000.jpg,-1.5,-1.4279594421386719,0.07204055786132812,-1.4051334857940674,0.09486651420593262
1341,E:\桌面\data1\1341_-1.5000.jpg,-1.5,-1.4071707725524902,0.09282922744750977,-1.3639570474624634,0.13604295253753662
1342,E:\桌面\data1\1342_-1.5000.jpg,-1.5,-1.4720664024353027,0.027933597564697266,-1.487593650817871,0.012406349182128906
1343,E:\桌面\data1\1343_-1.5000.jpg,-1.5,-1.2194297313690186,0.28057026863098145,-1.4713512659072876,0.028648734092712402
1344,E:\桌面\data1\1344_-1.5000.jpg,-1.5,-1.4287385940551758,0.07126140594482422,-1.405868411064148,0.09413158893585205
1345,E:\桌面\data1\1345_-1.5000.jpg,-1.5,-1.7194442749023438,0.21944427490234375,-1.4848122596740723,0.015187740325927734
1346,E:\桌面\data1\1346_-1.5000.jpg,-1.5,-1.3979034423828125,0.1020965576171875,-1.3295369148254395,0.17046308517456055
1347,E:\桌面\data1\1347_-1.5000.jpg,-1.5,-1.446547508239746,0.053452491760253906,-1.3556228876113892,0.14437711238861084
1348,E:\桌面\data1\1348_-1.5000.jpg,-1.5,-1.3792943954467773,0.12070560455322266,-1.503801941871643,0.0038019418716430664
1349,E:\桌面\data1\1349_-1.5000.jpg,-1.5,-1.6018826961517334,0.1018826961517334,-1.5291237831115723,0.029123783111572266
1350,E:\桌面\data1\1350_-1.5000.jpg,-1.5,-1.4946722984313965,0.005327701568603516,-1.3790405988693237,0.12095940113067627
1351,E:\桌面\data1\1351_-1.5000.jpg,-1.5,-1.5087263584136963,0.008726358413696289,-1.3252805471420288,0.1747194528579712
1352,E:\桌面\data1\1352_-1.5000.jpg,-1.5,-1.5390989780426025,0.03909897804260254,-1.2304388284683228,0.26956117153167725
1353,E:\桌面\data1\1353_-1.5000.jpg,-1.5,-1.5406403541564941,0.04064035415649414,-1.237788438796997,0.26221156120300293
1354,E:\桌面\data1\1354_-1.5000.jpg,-1.5,-1.8174166679382324,0.3174166679382324,-1.4402800798416138,0.05971992015838623
1355,E:\桌面\data1\1355_1.5100.jpg,1.51,1.4868650436401367,0.02313495635986329,1.5160473585128784,0.006047358512878409
1356,E:\桌面\data1\1356_1.5100.jpg,1.51,1.486055850982666,0.023944149017333993,1.4470797777175903,0.06292022228240968
1357,E:\桌面\data1\1357_1.5100.jpg,1.51,1.4897119998931885,0.020288000106811532,0.6974579095840454,0.8125420904159546
1358,E:\桌面\data1\1358_1.5100.jpg,1.51,1.4607586860656738,0.04924131393432618,1.42351496219635,0.08648503780364991
1359,E:\桌面\data1\1359_1.5100.jpg,1.51,1.5101361274719238,0.00013612747192381924,1.258573293685913,0.2514267063140869
1360,E:\桌面\data1\1360_1.5100.jpg,1.51,1.520226240158081,0.010226240158081046,1.6613420248031616,0.1513420248031616
1361,E:\桌面\data1\1361_1.5100.jpg,1.51,1.5205624103546143,0.010562410354614249,0.8452568054199219,0.6647431945800781
1362,E:\桌面\data1\1362_1.5100.jpg,1.51,1.449814796447754,0.0601852035522461,1.4249049425125122,0.0850950574874878
1363,E:\桌面\data1\1363_1.5100.jpg,1.51,1.5070650577545166,0.0029349422454834073,1.718699336051941,0.2086993360519409
1364,E:\桌面\data1\1364_1.5100.jpg,1.51,1.5238041877746582,0.013804187774658194,1.5313528776168823,0.021352877616882315
1365,E:\桌面\data1\1365_1.5100.jpg,1.51,1.3986105918884277,0.11138940811157227,1.0690407752990723,0.44095922470092774
1366,E:\桌面\data1\1366_1.5100.jpg,1.51,1.5756959915161133,0.06569599151611327,1.3187230825424194,0.19127691745758058
1367,E:\桌面\data1\1367_1.5100.jpg,1.51,1.4788269996643066,0.031173000335693368,1.4746876955032349,0.035312304496765146
1368,E:\桌面\data1\1368_1.5100.jpg,1.51,1.4672808647155762,0.04271913528442384,1.1692794561386108,0.34072054386138917
1369,E:\桌面\data1\1369_1.5100.jpg,1.51,0.6938130855560303,0.8161869144439697,-1.0681604146957397,2.5781604146957395
1370,E:\桌面\data1\1370_1.5100.jpg,1.51,1.5808055400848389,0.07080554008483886,1.509134292602539,0.0008657073974609464
1371,E:\桌面\data1\1371_1.5100.jpg,1.51,1.2713994979858398,0.23860050201416017,1.1248232126235962,0.3851767873764038
1372,E:\桌面\data1\1372_1.5100.jpg,1.51,1.5415973663330078,0.031597366333007804,0.6883859038352966,0.8216140961647034
1373,E:\桌面\data1\1373_1.5100.jpg,1.51,1.517683982849121,0.007683982849121085,1.3330261707305908,0.1769738292694092
1374,E:\桌面\data1\1374_1.5100.jpg,1.51,1.5591623783111572,0.04916237831115722,1.5662399530410767,0.05623995304107665
1375,E:\桌面\data1\1375_1.5100.jpg,1.51,1.5315165519714355,0.021516551971435538,1.4102801084518433,0.09971989154815675
1376,E:\桌面\data1\1376_1.5100.jpg,1.51,1.3311750888824463,0.17882491111755372,1.329864740371704,0.1801352596282959
1377,E:\桌面\data1\1377_1.5100.jpg,1.51,1.5716867446899414,0.0616867446899414,1.514321208000183,0.004321208000183097
1378,E:\桌面\data1\1378_1.5100.jpg,1.51,1.4865753650665283,0.02342463493347169,1.6588454246520996,0.1488454246520996
1379,E:\桌面\data1\1379_1.5100.jpg,1.51,1.5209321975708008,0.010932197570800772,1.4935798645019531,0.016420135498046884
1380,E:\桌面\data1\1380_1.5100.jpg,1.51,1.5672979354858398,0.057297935485839835,0.04060566425323486,1.4693943357467651
1381,E:\桌面\data1\1381_1.5100.jpg,1.51,1.591552734375,0.08155273437499999,1.0589579343795776,0.45104206562042237
1382,E:\桌面\data1\1382_1.5100.jpg,1.51,1.4959008693695068,0.014099130630493173,1.3920408487319946,0.11795915126800538
1383,E:\桌面\data1\1383_1.5100.jpg,1.51,1.2379858493804932,0.27201415061950684,1.1909594535827637,0.31904054641723634
1384,E:\桌面\data1\1384_1.5100.jpg,1.51,1.4592008590698242,0.05079914093017579,0.2863140106201172,1.2236859893798828
1385,E:\桌面\data1\1385_-1.6200.jpg,-1.62,-1.579704999923706,0.04029500007629405,-1.2887922525405884,0.3312077474594117
1386,E:\桌面\data1\1386_-1.6200.jpg,-1.62,-1.672569990158081,0.05256999015808095,-1.5406954288482666,0.0793045711517335
1387,E:\桌面\data1\1387_-1.6200.jpg,-1.62,-1.5384652614593506,0.08153473854064952,-1.8762260675430298,0.2562260675430297
1388,E:\桌面\data1\1388_1.5100.jpg,1.51,1.7224013805389404,0.21240138053894042,1.5075603723526,0.0024396276473999112
1389,E:\桌面\data1\1389_-1.6200.jpg,-1.62,-1.6076338291168213,0.012366170883178818,-1.5393198728561401,0.08068012714385997
1390,E:\桌面\data1\1390_-1.6200.jpg,-1.62,-1.6001622676849365,0.019837732315063583,-1.525848150253296,0.09415184974670421
1391,E:\桌面\data1\1391_-1.6200.jpg,-1.62,-1.6690714359283447,0.04907143592834462,-1.4808601140975952,0.1391398859024049
1392,E:\桌面\data1\1392_-1.6200.jpg,-1.62,-1.5423059463500977,0.07769405364990245,-1.5824832916259766,0.037516708374023544
1393,E:\桌面\data1\1393_-1.6200.jpg,-1.62,-1.483651876449585,0.13634812355041515,-0.1931799352169037,1.4268200647830964
1394,E:\桌面\data1\1394_-1.6200.jpg,-1.62,-1.543045997619629,0.0769540023803712,-1.6882389783859253,0.06823897838592519
1395,E:\桌面\data1\1395_-1.6200.jpg,-1.62,-1.5570666790008545,0.06293332099914561,-1.5670286417007446,0.05297135829925548
1396,E:\桌面\data1\1396_-1.6200.jpg,-1.62,-1.5565588474273682,0.06344115257263194,-1.6387795209884644,0.01877952098846425
1397,E:\桌面\data1\1397_-1.6200.jpg,-1.62,-0.143539696931839,1.4764603030681611,0.766128420829773,2.386128420829773
1398,E:\桌面\data1\1398_1.7200.jpg,1.72,0.11347784847021103,1.606522151529789,1.004416584968567,0.7155834150314331
1399,E:\桌面\data1\1399_1.5100.jpg,1.51,1.1390233039855957,0.3709766960144043,1.2217921018600464,0.2882078981399536
1400,E:\桌面\data1\1400_1.7200.jpg,1.72,1.733562707901001,0.013562707901001003,1.6942222118377686,0.02577778816223142
1401,E:\桌面\data1\1401_1.7200.jpg,1.72,1.7946796417236328,0.07467964172363284,1.8159205913543701,0.09592059135437014
1402,E:\桌面\data1\1402_1.7200.jpg,1.72,1.8185350894927979,0.09853508949279788,1.6425758600234985,0.07742413997650144
1403,E:\桌面\data1\1403_1.7200.jpg,1.72,1.7312419414520264,0.011241941452026394,1.6501049995422363,0.06989500045776365
1404,E:\桌面\data1\1404_1.7200.jpg,1.72,1.7612383365631104,0.04123833656311038,1.6690706014633179,0.0509293985366821
1405,E:\桌面\data1\1405_1.7200.jpg,1.72,1.7019593715667725,0.018040628433227512,1.6820529699325562,0.03794703006744382
1406,E:\桌面\data1\1406_1.7200.jpg,1.72,1.7099571228027344,0.010042877197265598,1.769904375076294,0.04990437507629397
1407,E:\桌面\data1\1407_1.7200.jpg,1.72,1.761686086654663,0.04168608665466311,1.841811180114746,0.12181118011474612
1408,E:\桌面\data1\1408_1.7200.jpg,1.72,1.6655468940734863,0.054453105926513645,1.6185705661773682,0.10142943382263181
1409,E:\桌面\data1\1409_1.7200.jpg,1.72,1.6947243213653564,0.025275678634643528,1.7136644124984741,0.006335587501525852
1410,E:\桌面\data1\1410_1.5100.jpg,1.51,1.5281314849853516,0.018131484985351554,1.4770303964614868,0.03296960353851319
1411,E:\桌面\data1\1411_1.7200.jpg,1.72,1.7400245666503906,0.02002456665039065,1.7163212299346924,0.0036787700653075905
1412,E:\桌面\data1\1412_1.7200.jpg,1.72,1.6626336574554443,0.05736634254455564,1.6357653141021729,0.08423468589782712
1413,E:\桌面\data1\1413_1.7200.jpg,1.72,1.6584105491638184,0.061589450836181614,1.7088037729263306,0.011196227073669407
1414,E:\桌面\data1\1414_1.7200.jpg,1.72,1.7222940921783447,0.002294092178344753,1.6812937259674072,0.03870627403259275
1415,E:\桌面\data1\1415_1.7200.jpg,1.72,1.6679010391235352,0.05209896087646482,1.6625374555587769,0.05746254444122312
1416,E:\桌面\data1\1416_1.7200.jpg,1.72,1.6734695434570312,0.04653045654296872,1.7544455528259277,0.03444555282592776
1417,E:\桌面\data1\1417_1.7200.jpg,1.72,1.1398509740829468,0.5801490259170532,1.2568048238754272,0.4631951761245727
1418,E:\桌面\data1\1418_0.0000.jpg,0.0,0.8131679892539978,0.8131679892539978,0.40254560112953186,0.40254560112953186
1419,E:\桌面\data1\1419_0.0000.jpg,0.0,0.26351112127304077,0.26351112127304077,0.11868825554847717,0.11868825554847717
1420,E:\桌面\data1\1420_0.0000.jpg,0.0,-0.002880394458770752,0.002880394458770752,0.13026472926139832,0.13026472926139832
1421,E:\桌面\data1\1421_1.5100.jpg,1.51,1.5610778331756592,0.05107783317565917,1.5407267808914185,0.030726780891418448
1422,E:\桌面\data1\1422_0.0000.jpg,0.0,0.018496885895729065,0.018496885895729065,-0.019685208797454834,0.019685208797454834
1423,E:\桌面\data1\1423_0.0000.jpg,0.0,-0.6416127681732178,0.6416127681732178,-0.3203065097332001,0.3203065097332001
1424,E:\桌面\data1\1424_0.0000.jpg,0.0,0.520123302936554,0.520123302936554,0.3893851637840271,0.3893851637840271
1425,E:\桌面\data1\1425_0.0000.jpg,0.0,0.028324104845523834,0.028324104845523834,-0.0730724036693573,0.0730724036693573
1426,E:\桌面\data1\1426_0.0000.jpg,0.0,-0.28758102655410767,0.28758102655410767,0.13148024678230286,0.13148024678230286
1427,E:\桌面\data1\1427_0.0000.jpg,0.0,-0.11278265714645386,0.11278265714645386,0.191543847322464,0.191543847322464
1428,E:\桌面\data1\1428_0.0000.jpg,0.0,-0.02052438259124756,0.02052438259124756,-0.062438756227493286,0.062438756227493286
1429,E:\桌面\data1\1429_0.0000.jpg,0.0,-0.0038832873106002808,0.0038832873106002808,0.009596318006515503,0.009596318006515503
1430,E:\桌面\data1\1430_0.0000.jpg,0.0,0.09896153211593628,0.09896153211593628,-0.005312472581863403,0.005312472581863403
1431,E:\桌面\data1\1431_0.0000.jpg,0.0,-0.05517154932022095,0.05517154932022095,-0.008770376443862915,0.008770376443862915
1432,E:\桌面\data1\1432_1.5100.jpg,1.51,1.4754607677459717,0.03453923225402833,1.4962395429611206,0.013760457038879403
1433,E:\桌面\data1\1433_0.0000.jpg,0.0,0.6458625793457031,0.6458625793457031,-0.6878558397293091,0.6878558397293091
1434,E:\桌面\data1\1434_0.0000.jpg,0.0,-0.20491772890090942,0.20491772890090942,-0.11049142479896545,0.11049142479896545
1435,E:\桌面\data1\1435_0.0000.jpg,0.0,-0.050833165645599365,0.050833165645599365,-0.10892260074615479,0.10892260074615479
1436,E:\桌面\data1\1436_0.0000.jpg,0.0,-0.2491447925567627,0.2491447925567627,0.04451960325241089,0.04451960325241089
1437,E:\桌面\data1\1437_0.0000.jpg,0.0,0.08950816094875336,0.08950816094875336,-0.049824029207229614,0.049824029207229614
1438,E:\桌面\data1\1438_0.0000.jpg,0.0,0.13998141884803772,0.13998141884803772,0.08534958958625793,0.08534958958625793
1439,E:\桌面\data1\1439_0.0000.jpg,0.0,-0.7896685600280762,0.7896685600280762,-0.16214993596076965,0.16214993596076965
1440,E:\桌面\data1\1440_0.0000.jpg,0.0,0.08467178046703339,0.08467178046703339,0.112277090549469,0.112277090549469
1441,E:\桌面\data1\1441_1.5100.jpg,1.51,1.4742844104766846,0.03571558952331544,1.5315974950790405,0.02159749507904052
1442,E:\桌面\data1\1442_1.5100.jpg,1.51,1.1871485710144043,0.3228514289855957,-0.7429376840591431,2.252937684059143
1443,E:\桌面\data1\1443_1.5100.jpg,1.51,1.579725980758667,0.06972598075866698,1.535906195640564,0.025906195640563956
1444,E:\桌面\data1\1444_1.5100.jpg,1.51,1.536278247833252,0.026278247833251944,1.6031588315963745,0.0931588315963745
1445,E:\桌面\data1\1445_1.5100.jpg,1.51,1.4715373516082764,0.03846264839172364,1.497522234916687,0.012477765083312997
1446,E:\桌面\data1\1446_1.5100.jpg,1.51,1.5630390644073486,0.053039064407348624,1.4944957494735718,0.015504250526428232
1447,E:\桌面\data1\1447_1.5100.jpg,1.51,1.578070878982544,0.06807087898254394,1.6135092973709106,0.10350929737091064
1448,E:\桌面\data1\1448_1.5100.jpg,1.51,1.5289735794067383,0.018973579406738272,1.2814878225326538,0.2285121774673462
1449,E:\桌面\data1\1449_1.5100.jpg,1.51,1.535386085510254,0.025386085510253897,1.4063233137130737,0.10367668628692628
1450,E:\桌面\data1\1450_1.5100.jpg,1.51,1.2031068801879883,0.3068931198120117,1.309530258178711,0.20046974182128907
1451,E:\桌面\data1\1451_1.5100.jpg,1.51,1.520012617111206,0.010012617111206046,1.5946859121322632,0.08468591213226317
1452,E:\桌面\data1\1452_1.5100.jpg,1.51,1.527761459350586,0.01776145935058593,1.6285203695297241,0.11852036952972411
1453,E:\桌面\data1\1453_1.5100.jpg,1.51,1.5034279823303223,0.006572017669677743,1.1517575979232788,0.3582424020767212
1454,E:\桌面\data1\1454_1.5100.jpg,1.51,1.486128568649292,0.023871431350708017,1.4187582731246948,0.09124172687530518
1455,E:\桌面\data1\1455_1.5100.jpg,1.51,1.5360074043273926,0.02600740432739257,1.400793194770813,0.10920680522918702
1456,E:\桌面\data1\1456_1.5100.jpg,1.51,1.4157776832580566,0.09422231674194337,1.4527918100357056,0.05720818996429444
1457,E:\桌面\data1\1457_1.5100.jpg,1.51,1.5118906497955322,0.0018906497955322177,1.4708596467971802,0.03914035320281983
1458,E:\桌面\data1\1458_1.5100.jpg,1.51,1.572758674621582,0.06275867462158202,0.7741858959197998,0.7358141040802002
1459,E:\桌面\data1\1459_1.5100.jpg,1.51,1.5092825889587402,0.0007174110412597745,1.550413966178894,0.040413966178894034
1460,E:\桌面\data1\1460_1.5100.jpg,1.51,1.5874414443969727,0.07744144439697265,1.5667686462402344,0.056768646240234366
1461,E:\桌面\data1\1461_1.5100.jpg,1.51,1.2546977996826172,0.2553022003173828,1.4359244108200073,0.07407558917999268
1462,E:\桌面\data1\1462_1.5100.jpg,1.51,1.4951436519622803,0.014856348037719735,1.5558048486709595,0.045804848670959464
1463,E:\桌面\data1\1463_1.5100.jpg,1.51,1.5412068367004395,0.031206836700439444,1.4636095762252808,0.04639042377471925
1464,E:\桌面\data1\1464_1.5100.jpg,1.51,1.5133979320526123,0.003397932052612296,1.386493444442749,0.12350655555725099
1465,E:\桌面\data1\1465_1.5100.jpg,1.51,1.5550949573516846,0.04509495735168456,1.3593806028366089,0.15061939716339112
1466,E:\桌面\data1\1466_1.5100.jpg,1.51,1.5029730796813965,0.0070269203186035245,1.4314652681350708,0.07853473186492921
1467,E:\桌面\data1\1467_1.5100.jpg,1.51,1.4975287914276123,0.012471208572387704,1.385715365409851,0.12428463459014893
1468,E:\桌面\data1\1468_1.5100.jpg,1.51,1.562525987625122,0.05252598762512206,1.5235859155654907,0.013585915565490714
1469,E:\桌面\data1\1469_1.5100.jpg,1.51,1.5412847995758057,0.031284799575805655,0.7476762533187866,0.7623237466812134
1470,E:\桌面\data1\1470_1.5100.jpg,1.51,0.3293546140193939,1.180645385980606,-0.15758249163627625,1.6675824916362763
1471,E:\桌面\data1\1471_1.5100.jpg,1.51,1.5442211627960205,0.0342211627960205,1.4738572835922241,0.03614271640777589
1472,E:\桌面\data1\1472_1.5100.jpg,1.51,1.2495834827423096,0.26041651725769044,1.1700751781463623,0.3399248218536377
1473,E:\桌面\data1\1473_-1.6200.jpg,-1.62,-1.695568561553955,0.07556856155395497,-0.8285279273986816,0.7914720726013185
1474,E:\桌面\data1\1474_-1.6200.jpg,-1.62,-1.57106614112854,0.04893385887146007,-1.5795947313308716,0.040405268669128525
1475,E:\桌面\data1\1475_-1.6200.jpg,-1.62,-1.4711668491363525,0.14883315086364757,-0.821320652961731,0.7986793470382691
1476,E:\桌面\data1\1476_1.5100.jpg,1.51,1.497995376586914,0.012004623413085946,1.551289677619934,0.04128967761993407
1477,E:\桌面\data1\1477_-1.6200.jpg,-1.62,-1.6249935626983643,0.004993562698364151,-1.6371750831604004,0.017175083160400284
1478,E:\桌面\data1\1478_-1.6200.jpg,-1.62,-1.567694902420044,0.05230509757995616,-1.6159478425979614,0.004052157402038681
1479,E:\桌面\data1\1479_-1.6200.jpg,-1.62,-1.5215516090393066,0.09844839096069347,-1.701938271522522,0.08193827152252187
1480,E:\桌面\data1\1480_-1.6200.jpg,-1.62,-1.4225225448608398,0.19747745513916026,-1.5021257400512695,0.11787425994873058
1481,E:\桌面\data1\1481_-1.6200.jpg,-1.62,-1.3809735774993896,0.23902642250061046,-1.5372611284255981,0.08273887157440196
1482,E:\桌面\data1\1482_-1.6200.jpg,-1.62,-1.5622000694274902,0.05779993057250987,-1.5060404539108276,0.11395954608917247
1483,E:\桌面\data1\1483_-1.6200.jpg,-1.62,-1.6003789901733398,0.019621009826660263,-1.6632537841796875,0.04325378417968739
1484,E:\桌面\data1\1484_-1.6200.jpg,-1.62,-1.5109736919403076,0.10902630805969249,-1.6045558452606201,0.01544415473937999
1485,E:\桌面\data1\1485_-1.6200.jpg,-1.62,0.300584614276886,1.920584614276886,-0.9298902750015259,0.6901097249984742
1486,E:\桌面\data1\1486_1.7200.jpg,1.72,1.692671298980713,0.027328701019287083,1.534218192100525,0.18578180789947507
1487,E:\桌面\data1\1487_1.5100.jpg,1.51,1.473036289215088,0.03696371078491212,1.5449869632720947,0.03498696327209472
1488,E:\桌面\data1\1488_1.7200.jpg,1.72,1.646153211593628,0.07384678840637204,1.7547160387039185,0.034716038703918484
1489,E:\桌面\data1\1489_1.7200.jpg,1.72,1.2991130352020264,0.4208869647979736,1.7130824327468872,0.006917567253112766
1490,E:\桌面\data1\1490_1.7200.jpg,1.72,1.6832752227783203,0.03672477722167966,1.611413836479187,0.10858616352081296
1491,E:\桌面\data1\1491_1.7200.jpg,1.72,1.681793212890625,0.03820678710937497,1.7046170234680176,0.015382976531982395
1492,E:\桌面\data1\1492_1.7200.jpg,1.72,1.7671127319335938,0.04711273193359378,1.6414390802383423,0.07856091976165769
1493,E:\桌面\data1\1493_1.7200.jpg,1.72,1.6978018283843994,0.02219817161560056,1.6208497285842896,0.09915027141571042
1494,E:\桌面\data1\1494_1.7200.jpg,1.72,1.7420997619628906,0.02209976196289065,1.627228856086731,0.09277114391326902
1495,E:\桌面\data1\1495_1.7200.jpg,1.72,1.750168800354004,0.030168800354003933,1.7163739204406738,0.0036260795593261452
1496,E:\桌面\data1\1496_1.7200.jpg,1.72,-0.2972694933414459,2.0172694933414457,1.172711730003357,0.547288269996643
1497,E:\桌面\data1\1497_1.7200.jpg,1.72,1.7633333206176758,0.04333332061767581,1.627003788948059,0.09299621105194089
1498,E:\桌面\data1\1498_1.5100.jpg,1.51,1.4604554176330566,0.04954458236694337,1.5202453136444092,0.01024531364440917
1499,E:\桌面\data1\1499_1.7200.jpg,1.72,1.7801311016082764,0.060131101608276394,1.6712055206298828,0.04879447937011716
1500,E:\桌面\data1\1500_1.7200.jpg,1.72,1.7063384056091309,0.013661594390869114,1.7235366106033325,0.003536610603332546
1501,E:\桌面\data1\1501_1.7200.jpg,1.72,1.680957317352295,0.03904268264770505,1.741025686264038,0.021025686264038113
1502,E:\桌面\data1\1502_1.7200.jpg,1.72,1.6347808837890625,0.08521911621093747,1.2960537672042847,0.4239462327957153
1503,E:\桌面\data1\1503_1.7200.jpg,1.72,1.6872611045837402,0.03273889541625974,1.7740533351898193,0.05405333518981936
1504,E:\桌面\data1\1504_1.7200.jpg,1.72,1.6805551052093506,0.03944489479064939,1.6823817491531372,0.037618250846862766
1505,E:\桌面\data1\1505_1.7200.jpg,1.72,0.42467620968818665,1.2953237903118133,-0.39049097895622253,2.1104909789562223
1506,E:\桌面\data1\1506_0.0000.jpg,0.0,0.39609256386756897,0.39609256386756897,0.4217904210090637,0.4217904210090637
1507,E:\桌面\data1\1507_0.0000.jpg,0.0,-0.014810994267463684,0.014810994267463684,-0.10464829206466675,0.10464829206466675
1508,E:\桌面\data1\1508_0.0000.jpg,0.0,-0.08342231810092926,0.08342231810092926,0.036443740129470825,0.036443740129470825
1509,E:\桌面\data1\1509_1.5100.jpg,1.51,1.5022437572479248,0.007756242752075204,1.563683271408081,0.053683271408081046
1510,E:\桌面\data1\1510_0.0000.jpg,0.0,0.3322172164916992,0.3322172164916992,0.34592801332473755,0.34592801332473755
1511,E:\桌面\data1\1511_0.0000.jpg,0.0,-0.043353691697120667,0.043353691697120667,-0.021235883235931396,0.021235883235931396
1512,E:\桌面\data1\1512_0.0000.jpg,0.0,0.015064969658851624,0.015064969658851624,0.009259521961212158,0.009259521961212158
1513,E:\桌面\data1\1513_0.0000.jpg,0.0,0.08884958922863007,0.08884958922863007,0.03857240080833435,0.03857240080833435
1514,E:\桌面\data1\1514_0.0000.jpg,0.0,0.5619989633560181,0.5619989633560181,0.2942063510417938,0.2942063510417938
1515,E:\桌面\data1\1515_0.0000.jpg,0.0,0.007346451282501221,0.007346451282501221,0.22489848732948303,0.22489848732948303
1516,E:\桌面\data1\1516_0.0000.jpg,0.0,0.7074703574180603,0.7074703574180603,0.2529953718185425,0.2529953718185425
1517,E:\桌面\data1\1517_0.0000.jpg,0.0,0.13664396107196808,0.13664396107196808,0.01424148678779602,0.01424148678779602
1518,E:\桌面\data1\1518_0.0000.jpg,0.0,-0.12502151727676392,0.12502151727676392,-0.08244094252586365,0.08244094252586365
1519,E:\桌面\data1\1519_0.0000.jpg,0.0,-0.16628515720367432,0.16628515720367432,-0.04457321763038635,0.04457321763038635
1520,E:\桌面\data1\1520_1.5100.jpg,1.51,1.4755091667175293,0.03449083328247071,1.4077694416046143,0.10223055839538575
1521,E:\桌面\data1\1521_0.0000.jpg,0.0,0.1575661599636078,0.1575661599636078,-0.038095563650131226,0.038095563650131226
1522,E:\桌面\data1\1522_0.0000.jpg,0.0,0.18899868428707123,0.18899868428707123,-0.05153617262840271,0.05153617262840271
1523,E:\桌面\data1\1523_0.0000.jpg,0.0,0.054655686020851135,0.054655686020851135,0.003086000680923462,0.003086000680923462
1524,E:\桌面\data1\1524_0.0000.jpg,0.0,0.22396215796470642,0.22396215796470642,-0.07642611861228943,0.07642611861228943
1525,E:\桌面\data1\1525_0.0000.jpg,0.0,0.011605232954025269,0.011605232954025269,0.050261110067367554,0.050261110067367554
1526,E:\桌面\data1\1526_0.0000.jpg,0.0,-0.06705547869205475,0.06705547869205475,0.10487803816795349,0.10487803816795349
1527,E:\桌面\data1\1527_0.0000.jpg,0.0,-0.17002838850021362,0.17002838850021362,-0.06798985600471497,0.06798985600471497
1528,E:\桌面\data1\1528_1.5100.jpg,1.51,1.4291589260101318,0.08084107398986817,1.3413861989974976,0.16861380100250245
1529,E:\桌面\data1\1529_1.5100.jpg,1.51,1.4240140914916992,0.08598590850830079,0.7707536220550537,0.7392463779449463
1530,E:\桌面\data1\1530_1.5100.jpg,1.51,1.5373225212097168,0.027322521209716788,1.4613094329833984,0.04869056701660157
1531,E:\桌面\data1\1531_1.5100.jpg,1.51,1.5032157897949219,0.006784210205078134,1.5112606287002563,0.0012606287002563388
1532,E:\桌面\data1\1532_1.5100.jpg,1.51,1.5160868167877197,0.006086816787719718,1.4618436098098755,0.04815639019012452
1533,E:\桌面\data1\1533_1.5100.jpg,1.51,1.5348126888275146,0.02481268882751464,1.425567388534546,0.08443261146545411
1534,E:\桌面\data1\1534_1.5100.jpg,1.51,1.5268902778625488,0.01689027786254882,1.601169228553772,0.09116922855377196
1535,E:\桌面\data1\1535_1.5100.jpg,1.51,0.46685096621513367,1.0431490337848663,1.5719753503799438,0.06197535037994384
1536,E:\桌面\data1\1536_1.5100.jpg,1.51,1.583881139755249,0.07388113975524901,1.2971183061599731,0.21288169384002686
1537,E:\桌面\data1\1537_1.5100.jpg,1.51,1.6282339096069336,0.11823390960693358,1.4761611223220825,0.03383887767791749
1538,E:\桌面\data1\1538_1.5100.jpg,1.51,0.7502883076667786,0.7597116923332214,1.2155237197875977,0.29447628021240235
1539,E:\桌面\data1\1539_1.5100.jpg,1.51,1.5017220973968506,0.008277902603149423,1.420993685722351,0.08900631427764893
1540,E:\桌面\data1\1540_1.5100.jpg,1.51,1.2342779636383057,0.27572203636169434,1.1351596117019653,0.3748403882980347
1541,E:\桌面\data1\1541_1.5100.jpg,1.51,1.5447793006896973,0.03477930068969726,1.4784650802612305,0.03153491973876954
1542,E:\桌面\data1\1542_1.5100.jpg,1.51,1.573580026626587,0.0635800266265869,1.4818845987319946,0.02811540126800538
1543,E:\桌面\data1\1543_1.5100.jpg,1.51,1.393143892288208,0.116856107711792,0.861662745475769,0.648337254524231
1544,E:\桌面\data1\1544_1.5100.jpg,1.51,1.6085331439971924,0.09853314399719237,0.7791352272033691,0.7308647727966309
1545,E:\桌面\data1\1545_1.5100.jpg,1.51,1.4980800151824951,0.011919984817504892,1.4354586601257324,0.07454133987426759
1546,E:\桌面\data1\1546_1.5100.jpg,1.51,1.5375945568084717,0.02759455680847167,1.690032720565796,0.1800327205657959
1547,E:\桌面\data1\1547_1.5100.jpg,1.51,1.2974936962127686,0.21250630378723145,1.1024150848388672,0.4075849151611328
1548,E:\桌面\data1\1548_1.5100.jpg,1.51,1.5682086944580078,0.058208694458007804,0.7164453268051147,0.7935546731948853
1549,E:\桌面\data1\1549_1.5100.jpg,1.51,1.5718321800231934,0.06183218002319335,1.5895085334777832,0.0795085334777832
1550,E:\桌面\data1\1550_1.5100.jpg,1.51,1.5486149787902832,0.038614978790283194,1.4697664976119995,0.0402335023880005
1551,E:\桌面\data1\1551_1.5100.jpg,1.51,1.4248712062835693,0.08512879371643067,1.4443551301956177,0.06564486980438233
1552,E:\桌面\data1\1552_1.5100.jpg,1.51,1.494600534439087,0.015399465560913095,1.4715125560760498,0.038487443923950204
1553,E:\桌面\data1\1553_1.5100.jpg,1.51,1.1807100772857666,0.3292899227142334,1.4525974988937378,0.057402501106262216
1554,E:\桌面\data1\1554_1.5100.jpg,1.51,1.575312852859497,0.06531285285949706,1.509342074394226,0.0006579256057739347
1555,E:\桌面\data1\1555_1.5100.jpg,1.51,1.4747936725616455,0.0352063274383545,1.2402722835540771,0.26972771644592286
1556,E:\桌面\data1\1556_1.5100.jpg,1.51,1.4186463356018066,0.09135366439819337,1.2706260681152344,0.23937393188476563
1557,E:\桌面\data1\1557_1.5100.jpg,1.51,1.588531732559204,0.07853173255920409,1.3012081384658813,0.20879186153411866
1558,E:\桌面\data1\1558_1.5100.jpg,1.51,0.7585527300834656,0.7514472699165344,-0.051000624895095825,1.5610006248950958
1559,E:\桌面\data1\1559_1.5100.jpg,1.51,1.577951431274414,0.06795143127441405,1.432806134223938,0.07719386577606202
1560,E:\桌面\data1\1560_1.5100.jpg,1.51,0.010020315647125244,1.4999796843528748,-0.9863578081130981,2.496357808113098
1561,E:\桌面\data1\1561_-1.6200.jpg,-1.62,-1.61092209815979,0.009077901840210068,-1.6147693395614624,0.005230660438537704
1562,E:\桌面\data1\1562_-1.6200.jpg,-1.62,-1.652146577835083,0.0321465778350829,-1.6844457387924194,0.06444573879241933
1563,E:\桌面\data1\1563_1.5100.jpg,1.51,1.3989415168762207,0.1110584831237793,0.476595401763916,1.033404598236084
1564,E:\桌面\data1\1564_-1.6200.jpg,-1.62,-1.3849895000457764,0.23501049995422374,-1.313069224357605,0.3069307756423951
1565,E:\桌面\data1\1565_-1.6200.jpg,-1.62,-1.2355823516845703,0.3844176483154298,-1.5673106908798218,0.05268930912017833
1566,E:\桌面\data1\1566_-1.6200.jpg,-1.62,-1.3365626335144043,0.2834373664855958,-1.4748748540878296,0.14512514591217052
1567,E:\桌面\data1\1567_-1.6200.jpg,-1.62,-1.7095890045166016,0.08958900451660146,-1.6190348863601685,0.0009651136398316496
1568,E:\桌面\data1\1568_-1.6200.jpg,-1.62,-1.4883334636688232,0.13166653633117686,-1.558355450630188,0.06164454936981212
1569,E:\桌面\data1\1569_-1.6200.jpg,-1.62,-1.537569522857666,0.08243047714233409,-1.5740951299667358,0.04590487003326427
1570,E:\桌面\data1\1570_-1.6200.jpg,-1.62,-0.5333218574523926,1.0866781425476075,-1.4568065404891968,0.16319345951080333
1571,E:\桌面\data1\1571_-1.6200.jpg,-1.62,-1.522132396697998,0.09786760330200206,-1.5245753526687622,0.0954246473312379
1572,E:\桌面\data1\1572_-1.6200.jpg,-1.62,-0.06729531288146973,1.5527046871185304,-1.0343834161758423,0.5856165838241578
1573,E:\桌面\data1\1573_-1.6200.jpg,-1.62,-1.5599398612976074,0.060060138702392685,-0.9672410488128662,0.6527589511871339
1574,E:\桌面\data1\1574_1.5100.jpg,1.51,1.5602779388427734,0.05027793884277343,1.540162444114685,0.03016244411468505
1575,E:\桌面\data1\1575_-1.6200.jpg,-1.62,1.5086848735809326,3.1286848735809327,-1.2165607213974,0.4034392786026002
1576,E:\桌面\data1\1576_1.7200.jpg,1.72,1.362130880355835,0.357869119644165,-0.945407509803772,2.6654075098037717
1577,E:\桌面\data1\1577_1.7200.jpg,1.72,1.6940593719482422,0.025940628051757786,1.7715996503829956,0.05159965038299563
1578,E:\桌面\data1\1578_1.7200.jpg,1.72,1.7036194801330566,0.016380519866943333,1.8063887357711792,0.08638873577117923
1579,E:\桌面\data1\1579_1.7200.jpg,1.72,1.7591710090637207,0.03917100906372073,1.8308756351470947,0.11087563514709475
1580,E:\桌面\data1\1580_1.7200.jpg,1.72,1.7452337741851807,0.02523377418518069,1.7253320217132568,0.005332021713256863
1581,E:\桌面\data1\1581_1.7200.jpg,1.72,1.6856627464294434,0.034337253570556614,1.7697445154190063,0.049744515419006374
1582,E:\桌面\data1\1582_1.7200.jpg,1.72,1.614668607711792,0.10533139228820798,1.5962170362472534,0.12378296375274656
1583,E:\桌面\data1\1583_1.7200.jpg,1.72,1.216799259185791,0.503200740814209,1.7057543992996216,0.014245600700378391
1584,E:\桌面\data1\1584_1.7200.jpg,1.72,1.7305407524108887,0.010540752410888699,1.6805261373519897,0.03947386264801023
1585,E:\桌面\data1\1585_1.5100.jpg,1.51,1.5211622714996338,0.01116227149963378,1.3853129148483276,0.12468708515167237
1586,E:\桌面\data1\1586_1.7200.jpg,1.72,1.6734662055969238,0.046533794403076145,1.6834994554519653,0.03650054454803464
1587,E:\桌面\data1\1587_1.7200.jpg,1.72,1.7248449325561523,0.00484493255615237,1.6156989336013794,0.10430106639862058
1588,E:\桌面\data1\1588_1.7200.jpg,1.72,1.7246592044830322,0.004659204483032253,1.6551475524902344,0.0648524475097656
1589,E:\桌面\data1\1589_1.7200.jpg,1.72,1.7592380046844482,0.03923800468444827,1.7559198141098022,0.03591981410980227
1590,E:\桌面\data1\1590_1.7200.jpg,1.72,1.7526862621307373,0.03268626213073733,1.6781922578811646,0.04180774211883542
1591,E:\桌面\data1\1591_1.7200.jpg,1.72,1.7021450996398926,0.017854900360107395,1.7192668914794922,0.0007331085205077859
1592,E:\桌面\data1\1592_1.7200.jpg,1.72,1.4359896183013916,0.28401038169860837,1.692948818206787,0.027051181793212864
1593,E:\桌面\data1\1593_1.7200.jpg,1.72,1.716817855834961,0.003182144165039036,1.7992502450942993,0.07925024509429934
1594,E:\桌面\data1\1594_1.7200.jpg,1.72,1.676342248916626,0.043657751083374,1.2981377840042114,0.42186221599578855
1595,E:\桌面\data1\1595_0.0000.jpg,0.0,1.163182020187378,1.163182020187378,0.3786598742008209,0.3786598742008209
1596,E:\桌面\data1\1596_1.5100.jpg,1.51,1.4842338562011719,0.025766143798828134,1.5819429159164429,0.07194291591644286
1597,E:\桌面\data1\1597_0.0000.jpg,0.0,0.9917594194412231,0.9917594194412231,0.11289358139038086,0.11289358139038086
1598,E:\桌面\data1\1598_0.0000.jpg,0.0,0.4724484384059906,0.4724484384059906,-0.0788169801235199,0.0788169801235199
1599,E:\桌面\data1\1599_0.0000.jpg,0.0,-0.006674021482467651,0.006674021482467651,0.018896251916885376,0.018896251916885376
1600,E:\桌面\data1\1600_0.0000.jpg,0.0,-0.38068586587905884,0.38068586587905884,-0.24547502398490906,0.24547502398490906
1601,E:\桌面\data1\1601_0.0000.jpg,0.0,-0.43301743268966675,0.43301743268966675,-0.8257383108139038,0.8257383108139038
1602,E:\桌面\data1\1602_0.0000.jpg,0.0,-0.10799384117126465,0.10799384117126465,0.17213410139083862,0.17213410139083862
1603,E:\桌面\data1\1603_0.0000.jpg,0.0,-0.4776386618614197,0.4776386618614197,-0.07569250464439392,0.07569250464439392
1604,E:\桌面\data1\1604_0.0000.jpg,0.0,-0.052533358335494995,0.052533358335494995,0.17506971955299377,0.17506971955299377
1605,E:\桌面\data1\1605_0.0000.jpg,0.0,-0.16637101769447327,0.16637101769447327,-0.14146721363067627,0.14146721363067627
1606,E:\桌面\data1\1606_0.0000.jpg,0.0,-0.12064802646636963,0.12064802646636963,-0.0424828827381134,0.0424828827381134
1607,E:\桌面\data1\1607_1.5100.jpg,1.51,1.0848050117492676,0.42519498825073243,-1.3883799314498901,2.89837993144989
1608,E:\桌面\data1\1608_0.0000.jpg,0.0,-0.02472946047782898,0.02472946047782898,-0.04290953278541565,0.04290953278541565
1609,E:\桌面\data1\1609_0.0000.jpg,0.0,-0.24522942304611206,0.24522942304611206,0.02325424551963806,0.02325424551963806
1610,E:\桌面\data1\1610_0.0000.jpg,0.0,-0.5720471739768982,0.5720471739768982,0.01803123950958252,0.01803123950958252
1611,E:\桌面\data1\1611_0.0000.jpg,0.0,0.01188226044178009,0.01188226044178009,0.046874791383743286,0.046874791383743286
1612,E:\桌面\data1\1612_0.0000.jpg,0.0,-0.5472809076309204,0.5472809076309204,0.09148862957954407,0.09148862957954407
1613,E:\桌面\data1\1613_0.0000.jpg,0.0,0.22828620672225952,0.22828620672225952,0.06001517176628113,0.06001517176628113
1614,E:\桌面\data1\1614_0.0000.jpg,0.0,-0.1563364565372467,0.1563364565372467,-0.08729124069213867,0.08729124069213867
1615,E:\桌面\data1\1615_0.0000.jpg,0.0,-0.00038301944732666016,0.00038301944732666016,-0.08360788226127625,0.08360788226127625
1616,E:\桌面\data1\1616_0.0000.jpg,0.0,0.1326383799314499,0.1326383799314499,0.0732642114162445,0.0732642114162445
1617,E:\桌面\data1\1617_1.5100.jpg,1.51,1.5736019611358643,0.06360196113586425,1.4509795904159546,0.05902040958404542
1618,E:\桌面\data1\1618_1.5100.jpg,1.51,1.5621910095214844,0.052191009521484366,0.630064845085144,0.879935154914856
1619,E:\桌面\data1\1619_1.5100.jpg,1.51,1.6054604053497314,0.09546040534973144,1.426580786705017,0.08341921329498292
1620,E:\桌面\data1\1620_1.5100.jpg,1.51,1.46675705909729,0.04324294090270997,1.5096327066421509,0.00036729335784913
1621,E:\桌面\data1\1621_1.5100.jpg,1.51,1.527909755706787,0.0179097557067871,1.2071011066436768,0.30289889335632325
1622,E:\桌面\data1\1622_1.5100.jpg,1.51,1.4977846145629883,0.012215385437011728,1.5588107109069824,0.04881071090698241
1623,E:\桌面\data1\1623_1.5100.jpg,1.51,1.5410654544830322,0.031065454483032218,1.601065754890442,0.09106575489044189
1624,E:\桌面\data1\1624_1.5100.jpg,1.51,1.525388240814209,0.015388240814208975,1.6316466331481934,0.12164663314819335
1625,E:\桌面\data1\1625_1.5100.jpg,1.51,1.5071451663970947,0.0028548336029052823,1.6084027290344238,0.09840272903442382
1626,E:\桌面\data1\1626_1.5100.jpg,1.51,1.5139307975769043,0.003930797576904288,0.783042311668396,0.726957688331604
1627,E:\桌面\data1\1627_1.5100.jpg,1.51,1.5116944313049316,0.0016944313049316317,1.4175258874893188,0.09247411251068116
1628,E:\桌面\data1\1628_1.5100.jpg,1.51,1.455768346786499,0.054231653213500985,1.6970244646072388,0.18702446460723876
1629,E:\桌面\data1\1629_1.5100.jpg,1.51,1.5385680198669434,0.02856801986694335,1.3629213571548462,0.14707864284515382
1630,E:\桌面\data1\1630_1.5100.jpg,1.51,1.5423829555511475,0.03238295555114745,1.3540085554122925,0.15599144458770753
1631,E:\桌面\data1\1631_1.5100.jpg,1.51,1.4482648372650146,0.06173516273498536,1.653410792350769,0.14341079235076903
1632,E:\桌面\data1\1632_1.5100.jpg,1.51,1.5163369178771973,0.006336917877197257,1.460677981376648,0.04932201862335206
1633,E:\桌面\data1\1633_1.5100.jpg,1.51,1.518047571182251,0.008047571182250968,1.469978928565979,0.040021071434021005
1634,E:\桌面\data1\1634_1.5100.jpg,1.51,1.5385942459106445,0.028594245910644522,-1.3603945970535278,2.8703945970535276
1635,E:\桌面\data1\1635_1.5100.jpg,1.51,1.5547895431518555,0.04478954315185546,1.6299141645431519,0.11991416454315185
1636,E:\桌面\data1\1636_1.5100.jpg,1.51,1.583641529083252,0.07364152908325194,1.561590313911438,0.05159031391143798
1637,E:\桌面\data1\1637_1.5100.jpg,1.51,1.6046793460845947,0.09467934608459472,0.3189769387245178,1.1910230612754822
1638,E:\桌面\data1\1638_1.5100.jpg,1.51,1.4571506977081299,0.052849302291870126,1.040576696395874,0.469423303604126
1639,E:\桌面\data1\1639_1.5100.jpg,1.51,1.1755475997924805,0.33445240020751954,1.6914122104644775,0.18141221046447753
1640,E:\桌面\data1\1640_1.5100.jpg,1.51,1.4854960441589355,0.024503955841064462,1.4289830923080444,0.08101690769195558
1641,E:\桌面\data1\1641_1.5100.jpg,1.51,1.5204837322235107,0.010483732223510733,1.4329304695129395,0.07706953048706056
1642,E:\桌面\data1\1642_1.5100.jpg,1.51,1.3992791175842285,0.1107208824157715,0.40764760971069336,1.1023523902893066
1643,E:\桌面\data1\1643_1.5100.jpg,1.51,1.4843933582305908,0.02560664176940919,1.440456509590149,0.06954349040985108
1644,E:\桌面\data1\1644_1.5100.jpg,1.51,0.9495921730995178,0.5604078269004822,-0.3379514515399933,1.8479514515399933
1645,E:\桌面\data1\1645_1.5100.jpg,1.51,1.64064621925354,0.13064621925354003,1.3055249452590942,0.20447505474090577
1646,E:\桌面\data1\1646_1.5100.jpg,1.51,1.598621129989624,0.08862112998962401,1.431464433670044,0.07853556632995606
1647,E:\桌面\data1\1647_1.5100.jpg,1.51,1.4674038887023926,0.04259611129760743,1.3049912452697754,0.20500875473022462
1648,E:\桌面\data1\1648_1.5100.jpg,1.51,1.589501142501831,0.07950114250183105,1.5417314767837524,0.03173147678375243
1649,E:\桌面\data1\1649_1.5100.jpg,1.51,0.874961793422699,0.635038206577301,1.3298858404159546,0.18011415958404542
1650,E:\桌面\data1\1650_-1.6200.jpg,-1.62,-1.2616071701049805,0.35839282989501964,-1.5050411224365234,0.11495887756347667
1651,E:\桌面\data1\1651_-1.6200.jpg,-1.62,-1.6036121845245361,0.016387815475463974,-1.6362284421920776,0.01622844219207753
1652,E:\桌面\data1\1652_1.5100.jpg,1.51,1.4547178745269775,0.05528212547302247,0.7537520527839661,0.7562479472160339
1653,E:\桌面\data1\1653_-1.6200.jpg,-1.62,-0.7013301253318787,0.9186698746681214,-1.622585654258728,0.0025856542587279208
1654,E:\桌面\data1\1654_-1.6200.jpg,-1.62,-1.5532989501953125,0.0667010498046876,-1.5332735776901245,0.0867264223098756
1655,E:\桌面\data1\1655_-1.6200.jpg,-1.62,-1.5538592338562012,0.06614076614379893,-1.6225639581680298,0.0025639581680296786
1656,E:\桌面\data1\1656_-1.6200.jpg,-1.62,-1.515737533569336,0.10426246643066417,-1.5280593633651733,0.09194063663482677
1657,E:\桌面\data1\1657_-1.6200.jpg,-1.62,-1.5706684589385986,0.049331541061401474,-1.6757185459136963,0.05571854591369618
1658,E:\桌面\data1\1658_-1.6200.jpg,-1.62,-1.5321650505065918,0.08783494949340831,-1.659307599067688,0.03930759906768788
1659,E:\桌面\data1\1659_-1.6200.jpg,-1.62,-1.4909355640411377,0.1290644359588624,-0.8500629663467407,0.7699370336532594
1660,E:\桌面\data1\1660_-1.6200.jpg,-1.62,-1.5078368186950684,0.11216318130493175,-1.4728176593780518,0.14718234062194835
1661,E:\桌面\data1\1661_-1.6200.jpg,-1.62,-1.29561448097229,0.32438551902771007,-1.1028329133987427,0.5171670866012574
1662,E:\桌面\data1\1662_-1.6200.jpg,-1.62,-1.7404961585998535,0.12049615859985341,-1.511027455329895,0.10897254467010509
1663,E:\桌面\data1\1663_1.5100.jpg,1.51,1.5849287509918213,0.07492875099182128,1.3482521772384644,0.16174782276153565
1664,E:\桌面\data1\1664_-1.6200.jpg,-1.62,0.4016226530075073,2.0216226530075074,0.9379092454910278,2.557909245491028
1665,E:\桌面\data1\1665_1.7200.jpg,1.72,1.0646841526031494,0.6553158473968506,0.7895981073379517,0.9304018926620483
1666,E:\桌面\data1\1666_1.7200.jpg,1.72,1.6761891841888428,0.0438108158111572,1.7360111474990845,0.0160111474990845
1667,E:\桌面\data1\1667_1.7200.jpg,1.72,1.709179401397705,0.010820598602294895,1.8095120191574097,0.0895120191574097
1668,E:\桌面\data1\1668_1.7200.jpg,1.72,1.7142834663391113,0.005716533660888645,1.7081657648086548,0.011834235191345188
1669,E:\桌面\data1\1669_1.7200.jpg,1.72,1.7382259368896484,0.018225936889648464,1.6563745737075806,0.06362542629241941
1670,E:\桌面\data1\1670_1.7200.jpg,1.72,1.6679589748382568,0.05204102516174314,1.6914770603179932,0.02852293968200681
1671,E:\桌面\data1\1671_1.7200.jpg,1.72,1.6915032863616943,0.028496713638305637,1.7187050580978394,0.0012949419021606179
1672,E:\桌面\data1\1672_1.7200.jpg,1.72,0.8582797646522522,0.8617202353477478,1.7097755670547485,0.010224432945251438
1673,E:\桌面\data1\1673_1.7200.jpg,1.72,1.6554327011108398,0.06456729888916013,1.592288851737976,0.1277111482620239
1674,E:\桌面\data1\1674_1.5100.jpg,1.51,1.5194580554962158,0.009458055496215811,1.5042210817337036,0.005778918266296396
1675,E:\桌面\data1\1675_1.7200.jpg,1.72,1.6692070960998535,0.05079290390014646,1.5295032262802124,0.19049677371978757
1676,E:\桌面\data1\1676_1.7200.jpg,1.72,1.842707872390747,0.1227078723907471,1.59768807888031,0.12231192111968991
1677,E:\桌面\data1\1677_1.7200.jpg,1.72,1.67254638671875,0.04745361328124997,1.6615597009658813,0.058440299034118626
1678,E:\桌面\data1\1678_1.7200.jpg,1.72,1.6831638813018799,0.03683611869812009,1.748936653137207,0.028936653137207058
1679,E:\桌面\data1\1679_1.7200.jpg,1.72,1.7084319591522217,0.011568040847778294,1.662827491760254,0.05717250823974607
1680,E:\桌面\data1\1680_1.7200.jpg,1.72,1.6811583042144775,0.038841695785522434,1.5618791580200195,0.15812084197998044
1681,E:\桌面\data1\1681_1.7200.jpg,1.72,1.7205276489257812,0.0005276489257812766,1.6678152084350586,0.05218479156494138
1682,E:\桌面\data1\1682_1.7200.jpg,1.72,1.5967514514923096,0.1232485485076904,1.7136012315750122,0.006398768424987766
1683,E:\桌面\data1\1683_1.7200.jpg,1.72,1.685361623764038,0.03463837623596189,1.6448549032211304,0.0751450967788696
1684,E:\桌面\data1\1684_0.0000.jpg,0.0,0.7033179402351379,0.7033179402351379,0.8394877910614014,0.8394877910614014
1685,E:\桌面\data1\1685_1.5100.jpg,1.51,1.3179278373718262,0.19207216262817384,1.249948501586914,0.26005149841308595
1686,E:\桌面\data1\1686_0.0000.jpg,0.0,-0.09408706426620483,0.09408706426620483,0.08304493129253387,0.08304493129253387
1687,E:\桌面\data1\1687_0.0000.jpg,0.0,0.03513491898775101,0.03513491898775101,0.3603222668170929,0.3603222668170929
1688,E:\桌面\data1\1688_0.0000.jpg,0.0,0.5475601553916931,0.5475601553916931,0.08160795271396637,0.08160795271396637
1689,E:\桌面\data1\1689_0.0000.jpg,0.0,-0.2568829357624054,0.2568829357624054,0.16950631141662598,0.16950631141662598
1690,E:\桌面\data1\1690_0.0000.jpg,0.0,-0.28632283210754395,0.28632283210754395,-0.03301429748535156,0.03301429748535156
1691,E:\桌面\data1\1691_0.0000.jpg,0.0,0.024615347385406494,0.024615347385406494,0.09917783737182617,0.09917783737182617
1692,E:\桌面\data1\1692_0.0000.jpg,0.0,-0.5244401097297668,0.5244401097297668,0.056895822286605835,0.056895822286605835
1693,E:\桌面\data1\1693_0.0000.jpg,0.0,-0.3383200168609619,0.3383200168609619,0.5101898908615112,0.5101898908615112
1694,E:\桌面\data1\1694_0.0000.jpg,0.0,-0.11725109815597534,0.11725109815597534,0.23458847403526306,0.23458847403526306
1695,E:\桌面\data1\1695_0.0000.jpg,0.0,-0.2911372482776642,0.2911372482776642,-0.11679676175117493,0.11679676175117493
1696,E:\桌面\data1\1696_1.5100.jpg,1.51,1.2462611198425293,0.2637388801574707,-1.6368319988250732,3.146831998825073
1697,E:\桌面\data1\1697_0.0000.jpg,0.0,-0.16307348012924194,0.16307348012924194,0.019152969121932983,0.019152969121932983
1698,E:\桌面\data1\1698_0.0000.jpg,0.0,0.45737865567207336,0.45737865567207336,-0.10587498545646667,0.10587498545646667
1699,E:\桌面\data1\1699_0.0000.jpg,0.0,-0.05027341842651367,0.05027341842651367,0.010082334280014038,0.010082334280014038
1700,E:\桌面\data1\1700_0.0000.jpg,0.0,0.05307621508836746,0.05307621508836746,0.04059609770774841,0.04059609770774841
1701,E:\桌面\data1\1701_0.0000.jpg,0.0,0.057920269668102264,0.057920269668102264,-0.13211700320243835,0.13211700320243835
1702,E:\桌面\data1\1702_0.0000.jpg,0.0,0.2997173070907593,0.2997173070907593,0.02774152159690857,0.02774152159690857
1703,E:\桌面\data1\1703_0.0000.jpg,0.0,-0.4181482791900635,0.4181482791900635,0.08950826525688171,0.08950826525688171
1704,E:\桌面\data1\1704_0.0000.jpg,0.0,0.21464528143405914,0.21464528143405914,0.04143166542053223,0.04143166542053223
1705,E:\桌面\data1\1705_0.0000.jpg,0.0,-0.3012005686759949,0.3012005686759949,0.4398147463798523,0.4398147463798523
1706,E:\桌面\data1\1706_1.5100.jpg,1.51,1.5576605796813965,0.047660579681396475,1.508846402168274,0.001153597831726083
1707,E:\桌面\data1\1707_1.5100.jpg,1.51,1.5404958724975586,0.030495872497558585,1.2236971855163574,0.2863028144836426
1708,E:\桌面\data1\1708_0.0000.jpg,0.0,-0.10455721616744995,0.10455721616744995,0.025791138410568237,0.025791138410568237
1709,E:\桌面\data1\1709_0.0000.jpg,0.0,0.11939364671707153,0.11939364671707153,-0.31880220770835876,0.31880220770835876
1710,E:\桌面\data1\1710_0.0000.jpg,0.0,-0.07798686623573303,0.07798686623573303,0.03770826756954193,0.03770826756954193
1711,E:\桌面\data1\1711_0.0000.jpg,0.0,-0.2378101348876953,0.2378101348876953,-0.15468859672546387,0.15468859672546387
1712,E:\桌面\data1\1712_0.0000.jpg,0.0,-0.18381008505821228,0.18381008505821228,0.006504058837890625,0.006504058837890625
1713,E:\桌面\data1\1713_0.0000.jpg,0.0,-0.011990770697593689,0.011990770697593689,0.15751248598098755,0.15751248598098755
1714,E:\桌面\data1\1714_0.0000.jpg,0.0,-0.07184720039367676,0.07184720039367676,-0.028895467519760132,0.028895467519760132
1715,E:\桌面\data1\1715_0.0000.jpg,0.0,-0.2031448781490326,0.2031448781490326,-0.11027181148529053,0.11027181148529053
1716,E:\桌面\data1\1716_0.0000.jpg,0.0,0.012341797351837158,0.012341797351837158,0.20721569657325745,0.20721569657325745
1717,E:\桌面\data1\1717_0.0000.jpg,0.0,-0.117788165807724,0.117788165807724,0.2635799050331116,0.2635799050331116
1718,E:\桌面\data1\1718_0.0000.jpg,0.0,-0.5291423201560974,0.5291423201560974,-0.13183322548866272,0.13183322548866272
1719,E:\桌面\data1\1719_0.0000.jpg,0.0,-0.03411214053630829,0.03411214053630829,0.04051139950752258,0.04051139950752258
1720,E:\桌面\data1\1720_0.0000.jpg,0.0,-0.402829647064209,0.402829647064209,0.36617106199264526,0.36617106199264526
1721,E:\桌面\data1\1721_0.0000.jpg,0.0,0.09478694200515747,0.09478694200515747,-0.065357506275177,0.065357506275177
1722,E:\桌面\data1\1722_0.0000.jpg,0.0,0.014109477400779724,0.014109477400779724,0.0602954626083374,0.0602954626083374
1723,E:\桌面\data1\1723_0.0000.jpg,0.0,-0.04918554425239563,0.04918554425239563,0.048097580671310425,0.048097580671310425
1724,E:\桌面\data1\1724_0.0000.jpg,0.0,-0.1248660683631897,0.1248660683631897,0.1518251597881317,0.1518251597881317
1725,E:\桌面\data1\1725_0.0000.jpg,0.0,0.15067222714424133,0.15067222714424133,-0.1397460401058197,0.1397460401058197
1726,E:\桌面\data1\1726_0.0000.jpg,0.0,-0.04614478349685669,0.04614478349685669,0.032554030418395996,0.032554030418395996
1727,E:\桌面\data1\1727_0.0000.jpg,0.0,0.06318766623735428,0.06318766623735428,-0.12323883175849915,0.12323883175849915
1728,E:\桌面\data1\1728_0.0000.jpg,0.0,0.23868340253829956,0.23868340253829956,0.03225678205490112,0.03225678205490112
1729,E:\桌面\data1\1729_0.0000.jpg,0.0,0.0022125691175460815,0.0022125691175460815,0.1926881968975067,0.1926881968975067
1730,E:\桌面\data1\1730_0.0000.jpg,0.0,-0.00261668860912323,0.00261668860912323,-0.1363530457019806,0.1363530457019806
1731,E:\桌面\data1\1731_0.0000.jpg,0.0,0.6823382377624512,0.6823382377624512,0.15390372276306152,0.15390372276306152
1732,E:\桌面\data1\1732_0.0000.jpg,0.0,-0.08353468775749207,0.08353468775749207,0.03280261158943176,0.03280261158943176
1733,E:\桌面\data1\1733_0.0000.jpg,0.0,0.1884094774723053,0.1884094774723053,0.06351231038570404,0.06351231038570404
1734,E:\桌面\data1\1734_0.0000.jpg,0.0,-0.16871792078018188,0.16871792078018188,-0.6795535087585449,0.6795535087585449
1735,E:\桌面\data1\1735_0.0000.jpg,0.0,0.026291608810424805,0.026291608810424805,0.017171621322631836,0.017171621322631836
1736,E:\桌面\data1\1736_0.0000.jpg,0.0,0.09217826277017593,0.09217826277017593,0.0021394193172454834,0.0021394193172454834
1737,E:\桌面\data1\1737_0.0000.jpg,0.0,0.06716832518577576,0.06716832518577576,0.04360513389110565,0.04360513389110565
1738,E:\桌面\data1\1738_0.0000.jpg,0.0,-0.17224299907684326,0.17224299907684326,0.09420546889305115,0.09420546889305115
1739,E:\桌面\data1\1739_0.0000.jpg,0.0,-0.14477050304412842,0.14477050304412842,-0.0442139208316803,0.0442139208316803
1740,E:\桌面\data1\1740_0.0000.jpg,0.0,-0.024607643485069275,0.024607643485069275,-0.028739213943481445,0.028739213943481445
1741,E:\桌面\data1\1741_0.0000.jpg,0.0,0.05581945180892944,0.05581945180892944,0.025635093450546265,0.025635093450546265
1742,E:\桌面\data1\1742_0.0000.jpg,0.0,-0.6704517006874084,0.6704517006874084,-0.7033551931381226,0.7033551931381226
